rhum,X,Y,P,T
88.4000015258789,-20,-40,1000,751.5
89.5052642822266,-18.0263156890869,-40,1000,751.5
89.9157867431641,-16.0526313781738,-40,1000,751.5
89.3736801147461,-14.0789470672607,-40,1000,751.5
88.3473663330078,-12.1052627563477,-40,1000,751.5
88.5842132568359,-10.1315793991089,-40,1000,751.5
88.8210601806641,-8.1578950881958,-40,1000,751.5
88.5315780639649,-6.18421030044556,-40,1000,751.5
88.1052627563477,-4.21052646636963,-40,1000,751.5
87.7842178344727,-2.23684215545654,-40,1000,751.5
86.9157867431641,-0.263157904148102,-40,1000,751.5
86.4579010009766,1.71052634716034,-40,1000,751.5
86.4894714355469,3.68421053886414,-40,1000,751.5
86.3578948974609,5.65789461135864,-40,1000,751.5
85.2789459228516,7.63157892227173,-40,1000,751.5
83.4631576538086,9.60526275634766,-40,1000,751.5
82.5315780639649,11.5789470672607,-40,1000,751.5
81.6947326660156,13.5526313781738,-40,1000,751.5
80.6421051025391,15.5263156890869,-40,1000,751.5
79.3000030517578,17.5,-40,1000,751.5
78.5894775390625,19.4736843109131,-40,1000,751.5
77.8210525512695,21.4473686218262,-40,1000,751.5
77.2157897949219,23.4210529327393,-40,1000,751.5
77.231575012207,25.3947372436523,-40,1000,751.5
78.8894729614258,27.3684215545654,-40,1000,751.5
81.2842102050781,29.3421058654785,-40,1000,751.5
82.9421005249023,31.3157901763916,-40,1000,751.5
83.7631530761719,33.2894744873047,-40,1000,751.5
83.8473739624024,35.2631568908691,-40,1000,751.5
83.4526290893555,37.2368431091309,-40,1000,751.5
83.8789520263672,39.2105255126953,-40,1000,751.5
85.0473709106445,41.184211730957,-40,1000,751.5
86.4157867431641,43.1578941345215,-40,1000,751.5
87.2789459228516,45.1315803527832,-40,1000,751.5
86.9631576538086,47.1052627563477,-40,1000,751.5
86.6473693847656,49.0789489746094,-40,1000,751.5
86.5,51.0526313781738,-40,1000,751.5
86.4157867431641,53.0263175964356,-40,1000,751.5
86.0999984741211,55,-40,1000,751.5
89.6800003051758,-20,-38,1000,751.5
90.2168426513672,-18.0263156890869,-38,1000,751.5
90.1978912353516,-16.0526313781738,-38,1000,751.5
89.9252624511719,-14.0789470672607,-38,1000,751.5
89.7831573486328,-12.1052627563477,-38,1000,751.5
90.3989486694336,-10.1315793991089,-38,1000,751.5
89.8357925415039,-8.1578950881958,-38,1000,751.5
88.9147415161133,-6.18421030044556,-38,1000,751.5
88.2863159179688,-4.21052646636963,-38,1000,751.5
88.2094802856445,-2.23684215545654,-38,1000,751.5
87.5305252075195,-0.263157904148102,-38,1000,751.5
86.4410552978516,1.71052634716034,-38,1000,751.5
85.5631713867188,3.68421053886414,-38,1000,751.5
84.7157974243164,5.65789461135864,-38,1000,751.5
83.5652694702148,7.63157892227173,-38,1000,751.5
82.4442138671875,9.60526275634766,-38,1000,751.5
81.8536911010742,11.5789470672607,-38,1000,751.5
81.2021026611328,13.5526313781738,-38,1000,751.5
80.4442138671875,15.5263156890869,-38,1000,751.5
79.8600006103516,17.5,-38,1000,751.5
80.03369140625,19.4736843109131,-38,1000,751.5
79.7326354980469,21.4473686218262,-38,1000,751.5
79.0599975585938,23.4210529327393,-38,1000,751.5
78.4568405151367,25.3947372436523,-38,1000,751.5
79.0410537719727,27.3684215545654,-38,1000,751.5
80.1852569580078,29.3421058654785,-38,1000,751.5
81.1694641113281,31.3157901763916,-38,1000,751.5
82.192626953125,33.2894744873047,-38,1000,751.5
83.3505325317383,35.2631568908691,-38,1000,751.5
84.0294723510742,37.2368431091309,-38,1000,751.5
83.8873672485352,39.2105255126953,-38,1000,751.5
83.8936920166016,41.184211730957,-38,1000,751.5
84.3989486694336,43.1578941345215,-38,1000,751.5
85.4726333618164,45.1315803527832,-38,1000,751.5
85.6621017456055,47.1052627563477,-38,1000,751.5
85.2452621459961,49.0789489746094,-38,1000,751.5
84.9800033569336,51.0526313781738,-38,1000,751.5
84.9968490600586,53.0263175964356,-38,1000,751.5
85.0600051879883,55,-38,1000,751.5
90.0599975585938,-20,-36,1000,751.5
89.9336853027344,-18.0263156890869,-36,1000,751.5
90.0505294799805,-16.0526313781738,-36,1000,751.5
90.1673736572266,-14.0789470672607,-36,1000,751.5
90.1989517211914,-12.1052627563477,-36,1000,751.5
90.2936859130859,-10.1315793991089,-36,1000,751.5
89.4452590942383,-8.1578950881958,-36,1000,751.5
88.6031646728516,-6.18421030044556,-36,1000,751.5
88.0947418212891,-4.21052646636963,-36,1000,751.5
87.9494857788086,-2.23684215545654,-36,1000,751.5
87.2705307006836,-0.263157904148102,-36,1000,751.5
86.2631607055664,1.71052634716034,-36,1000,751.5
85.584213256836,3.68421053886414,-36,1000,751.5
85.2368469238281,5.65789461135864,-36,1000,751.5
84.9873733520508,7.63157892227173,-36,1000,751.5
83.8979034423828,9.60526275634766,-36,1000,751.5
82.1515808105469,11.5789470672607,-36,1000,751.5
80.3589477539063,13.5526313781738,-36,1000,751.5
78.8252563476563,15.5263156890869,-36,1000,751.5
77.7200012207031,17.5,-36,1000,751.5
77.6410522460938,19.4736843109131,-36,1000,751.5
77.1568450927734,21.4473686218262,-36,1000,751.5
76.2305221557617,23.4210529327393,-36,1000,751.5
75.4821090698242,25.3947372436523,-36,1000,751.5
76.7926330566406,27.3684215545654,-36,1000,751.5
79.2821044921875,29.3421058654785,-36,1000,751.5
80.9189453125,31.3157901763916,-36,1000,751.5
81.6894760131836,33.2894744873047,-36,1000,751.5
81.9789505004883,35.2631568908691,-36,1000,751.5
83.0210571289063,37.2368431091309,-36,1000,751.5
83.4473724365235,39.2105255126953,-36,1000,751.5
83.4000091552734,41.184211730957,-36,1000,751.5
83.5789489746094,43.1578941345215,-36,1000,751.5
84.670524597168,45.1315803527832,-36,1000,751.5
85.1284255981445,47.1052627563477,-36,1000,751.5
84.7526397705078,49.0789489746094,-36,1000,751.5
84.5305328369141,51.0526313781738,-36,1000,751.5
84.6168441772461,53.0263175964356,-36,1000,751.5
84.6800079345703,55,-36,1000,751.5
90.1800003051758,-20,-34,1000,751.5
89.9905242919922,-18.0263156890869,-34,1000,751.5
90.4147338867188,-16.0526313781738,-34,1000,751.5
90.5168380737305,-14.0789470672607,-34,1000,751.5
90.0052642822266,-12.1052627563477,-34,1000,751.5
89.5315780639649,-10.1315793991089,-34,1000,751.5
89.2642135620117,-8.1578950881958,-34,1000,751.5
88.832633972168,-6.18421030044556,-34,1000,751.5
88.2547454833984,-4.21052646636963,-34,1000,751.5
87.5810546875,-2.23684215545654,-34,1000,751.5
86.8389511108398,-0.263157904148102,-34,1000,751.5
85.8505249023438,1.71052634716034,-34,1000,751.5
85.184211730957,3.68421053886414,-34,1000,751.5
85.0157852172852,5.65789461135864,-34,1000,751.5
85.2526321411133,7.63157892227173,-34,1000,751.5
83.9421081542969,9.60526275634766,-34,1000,751.5
81.8736877441406,11.5789470672607,-34,1000,751.5
79.7336807250977,13.5526313781738,-34,1000,751.5
77.70947265625,15.5263156890869,-34,1000,751.5
75.7200012207031,17.5,-34,1000,751.5
71.346305847168,19.4736843109131,-34,1000,751.5
67.7252655029297,21.4473686218262,-34,1000,751.5
66.1463165283203,23.4210529327393,-34,1000,751.5
67.3747406005859,25.3947372436523,-34,1000,751.5
71.748420715332,27.3684215545654,-34,1000,751.5
77.8610534667969,29.3421058654785,-34,1000,751.5
81.2031555175781,31.3157901763916,-34,1000,751.5
82.0557861328125,33.2894744873047,-34,1000,751.5
81.4905242919922,35.2631568908691,-34,1000,751.5
81.8694763183594,37.2368431091309,-34,1000,751.5
83.2747344970703,39.2105255126953,-34,1000,751.5
83.9094696044922,41.184211730957,-34,1000,751.5
84.1621017456055,43.1578941345215,-34,1000,751.5
84.8600006103516,45.1315803527832,-34,1000,751.5
85.1600036621094,47.1052627563477,-34,1000,751.5
84.6010589599609,49.0789489746094,-34,1000,751.5
84.4421081542969,51.0526313781738,-34,1000,751.5
84.6778945922852,53.0263175964356,-34,1000,751.5
84.5200042724609,55,-34,1000,751.5
90.620002746582,-20,-32,1000,751.5
90.8568420410156,-18.0263156890869,-32,1000,751.5
91.3368377685547,-16.0526313781738,-32,1000,751.5
90.9989471435547,-14.0789470672607,-32,1000,751.5
89.773681640625,-12.1052627563477,-32,1000,751.5
89.1421051025391,-10.1315793991089,-32,1000,751.5
89.6305313110352,-8.1578950881958,-32,1000,751.5
89.2515869140625,-6.18421030044556,-32,1000,751.5
88.1968460083008,-4.21052646636963,-32,1000,751.5
86.9400024414063,-2.23684215545654,-32,1000,751.5
86.3400039672852,-0.263157904148102,-32,1000,751.5
85.0831680297852,1.71052634716034,-32,1000,751.5
84,3.68421053886414,-32,1000,751.5
83.4473648071289,5.65789461135864,-32,1000,751.5
83.4799957275391,7.63157892227173,-32,1000,751.5
81.9799957275391,9.60526275634766,-32,1000,751.5
80.9600067138672,11.5789470672607,-32,1000,751.5
79.4957885742188,13.5526313781738,-32,1000,751.5
77.1800079345703,15.5263156890869,-32,1000,751.5
73.879997253418,17.5,-32,1000,751.5
61.9273643493652,19.4736843109131,-32,1000,751.5
53.7610511779785,21.4473686218262,-32,1000,751.5
51.4515762329102,23.4210529327393,-32,1000,751.5
55.038948059082,25.3947372436523,-32,1000,751.5
61.7336883544922,27.3684215545654,-32,1000,751.5
73.3357925415039,29.3421058654785,-32,1000,751.5
79.9305267333984,31.3157901763916,-32,1000,751.5
82.273681640625,33.2894744873047,-32,1000,751.5
82.1526336669922,35.2631568908691,-32,1000,751.5
81.3473663330078,37.2368431091309,-32,1000,751.5
83.251579284668,39.2105255126953,-32,1000,751.5
84.5873718261719,41.184211730957,-32,1000,751.5
85.0873718261719,43.1578941345215,-32,1000,751.5
85.2200012207031,45.1315803527832,-32,1000,751.5
85.2200012207031,47.1052627563477,-32,1000,751.5
84.3231582641602,49.0789489746094,-32,1000,751.5
84.1536865234375,51.0526313781738,-32,1000,751.5
84.5515747070313,53.0263175964356,-32,1000,751.5
84.2200012207031,55,-32,1000,751.5
91.9000015258789,-20,-30,1000,751.5
92.1368408203125,-18.0263156890869,-30,1000,751.5
91.9684219360352,-16.0526313781738,-30,1000,751.5
91.2473678588867,-14.0789470672607,-30,1000,751.5
90.2368392944336,-12.1052627563477,-30,1000,751.5
89.9210586547852,-10.1315793991089,-30,1000,751.5
89.6052627563477,-8.1578950881958,-30,1000,751.5
87.9210510253906,-6.18421030044556,-30,1000,751.5
86.0578918457031,-4.21052646636963,-30,1000,751.5
85.1210479736328,-2.23684215545654,-30,1000,751.5
85.2789535522461,-0.263157904148102,-30,1000,751.5
83.7947387695313,1.71052634716034,-30,1000,751.5
82.6736831665039,3.68421053886414,-30,1000,751.5
82.226318359375,5.65789461135864,-30,1000,751.5
82.2000045776367,7.63157892227173,-30,1000,751.5
80.7000045776367,9.60526275634766,-30,1000,751.5
80.8421020507813,11.5789470672607,-30,1000,751.5
79.4157867431641,13.5526313781738,-30,1000,751.5
75.4789428710938,15.5263156890869,-30,1000,751.5
69.4000015258789,17.5,-30,1000,751.5
51.0052642822266,19.4736843109131,-30,1000,751.5
42.2789459228516,21.4473686218262,-30,1000,751.5
40.0157890319824,23.4210529327393,-30,1000,751.5
41.2157897949219,25.3947372436523,-30,1000,751.5
42.7947387695313,27.3684215545654,-30,1000,751.5
61.2473754882813,29.3421058654785,-30,1000,751.5
73.9052658081055,31.3157901763916,-30,1000,751.5
80.5052642822266,33.2894744873047,-30,1000,751.5
82.7421112060547,35.2631568908691,-30,1000,751.5
81.5578918457031,37.2368431091309,-30,1000,751.5
82.4263153076172,39.2105255126953,-30,1000,751.5
83.4210586547852,41.184211730957,-30,1000,751.5
84.0263137817383,43.1578941345215,-30,1000,751.5
84.1210556030273,45.1315803527832,-30,1000,751.5
84.4368438720703,47.1052627563477,-30,1000,751.5
83.5526275634766,49.0789489746094,-30,1000,751.5
83.2526245117188,51.0526313781738,-30,1000,751.5
83.5789489746094,53.0263175964356,-30,1000,751.5
83.5,55,-30,1000,751.5
90.8600006103516,-20,-28,1000,751.5
90.7810516357422,-18.0263156890869,-28,1000,751.5
90.1115798950195,-16.0526313781738,-28,1000,751.5
89.3231506347656,-14.0789470672607,-28,1000,751.5
88.6536865234375,-12.1052627563477,-28,1000,751.5
88.0221099853516,-10.1315793991089,-28,1000,751.5
86.977897644043,-8.1578950881958,-28,1000,751.5
85.4199981689453,-6.18421030044556,-28,1000,751.5
84.2768478393555,-4.21052646636963,-28,1000,751.5
84.0431518554688,-2.23684215545654,-28,1000,751.5
83.3168487548828,-0.263157904148102,-28,1000,751.5
81.1673736572266,1.71052634716034,-28,1000,751.5
80.7789459228516,3.68421053886414,-28,1000,751.5
81.3000030517578,5.65789461135864,-28,1000,751.5
81.0042114257813,7.63157892227173,-28,1000,751.5
80.7673797607422,9.60526275634766,-28,1000,751.5
79.8989486694336,11.5789470672607,-28,1000,751.5
76.961051940918,13.5526313781738,-28,1000,751.5
69.6852645874024,15.5263156890869,-28,1000,751.5
55.0800018310547,17.5,-28,1000,751.5
42.6221046447754,19.4736843109131,-28,1000,751.5
40.620002746582,21.4473686218262,-28,1000,751.5
42.0663146972656,23.4210529327393,-28,1000,751.5
41.649471282959,25.3947372436523,-28,1000,751.5
35.3968391418457,27.3684215545654,-28,1000,751.5
48.0221099853516,29.3421058654785,-28,1000,751.5
63.9642181396484,31.3157901763916,-28,1000,751.5
76.6652679443359,33.2894744873047,-28,1000,751.5
82.1905288696289,35.2631568908691,-28,1000,751.5
82.2694702148438,37.2368431091309,-28,1000,751.5
83.0873641967773,39.2105255126953,-28,1000,751.5
83.7536926269531,41.184211730957,-28,1000,751.5
83.7694778442383,43.1578941345215,-28,1000,751.5
83.0010528564453,45.1315803527832,-28,1000,751.5
84.516845703125,47.1052627563477,-28,1000,751.5
84.5294723510742,49.0789489746094,-28,1000,751.5
84.1410522460938,51.0526313781738,-28,1000,751.5
84.1052703857422,53.0263175964356,-28,1000,751.5
85.1000061035156,55,-28,1000,751.5
88.7400054931641,-20,-26,1000,751.5
88.7242126464844,-18.0263156890869,-26,1000,751.5
87.6894760131836,-16.0526313781738,-26,1000,751.5
86.6599960327149,-14.0789470672607,-26,1000,751.5
85.8484191894531,-12.1052627563477,-26,1000,751.5
84.1905288696289,-10.1315793991089,-26,1000,751.5
83.3873672485352,-8.1578950881958,-26,1000,751.5
82.6978912353516,-6.18421030044556,-26,1000,751.5
82.3694763183594,-4.21052646636963,-26,1000,751.5
82.3747482299805,-2.23684215545654,-26,1000,751.5
81.2852630615234,-0.263157904148102,-26,1000,751.5
79.6484222412109,1.71052634716034,-26,1000,751.5
79.6800003051758,3.68421053886414,-26,1000,751.5
79.4326248168945,5.65789461135864,-26,1000,751.5
76.6378936767578,7.63157892227173,-26,1000,751.5
78.7063293457031,9.60526275634766,-26,1000,751.5
74.9894790649414,11.5789470672607,-26,1000,751.5
67.9063186645508,13.5526313781738,-26,1000,751.5
56.5873718261719,15.5263156890869,-26,1000,751.5
38.2400016784668,17.5,-26,1000,751.5
34.2294731140137,19.4736843109131,-26,1000,751.5
35.20947265625,21.4473686218262,-26,1000,751.5
37.3778915405273,23.4210529327393,-26,1000,751.5
38.29052734375,25.3947372436523,-26,1000,751.5
37.043155670166,27.3684215545654,-26,1000,751.5
45.3157920837402,29.3421058654785,-26,1000,751.5
59.2684288024902,31.3157901763916,-26,1000,751.5
72.5,33.2894744873047,-26,1000,751.5
79.9526290893555,35.2631568908691,-26,1000,751.5
81.2473678588867,37.2368431091309,-26,1000,751.5
81.9263153076172,39.2105255126953,-26,1000,751.5
80.9757995605469,41.184211730957,-26,1000,751.5
78.7284240722656,43.1578941345215,-26,1000,751.5
76.3863143920899,45.1315803527832,-26,1000,751.5
80.3810577392578,47.1052627563477,-26,1000,751.5
83.7063293457031,49.0789489746094,-26,1000,751.5
84.2873687744141,51.0526313781738,-26,1000,751.5
83.3842163085938,53.0263175964356,-26,1000,751.5
84.6000061035156,55,-26,1000,751.5
85.7400054931641,-20,-24,1000,751.5
85.1557922363281,-18.0263156890869,-24,1000,751.5
83.9000015258789,-16.0526313781738,-24,1000,751.5
83.1736755371094,-14.0789470672607,-24,1000,751.5
82.8294677734375,-12.1052627563477,-24,1000,751.5
80.4768524169922,-10.1315793991089,-24,1000,751.5
80.45263671875,-8.1578950881958,-24,1000,751.5
80.3315734863281,-6.18421030044556,-24,1000,751.5
80.2873687744141,-4.21052646636963,-24,1000,751.5
80.4673767089844,-2.23684215545654,-24,1000,751.5
80.0726318359375,-0.263157904148102,-24,1000,751.5
79.1031646728516,1.71052634716034,-24,1000,751.5
79.248420715332,3.68421053886414,-24,1000,751.5
78.2852630615234,5.65789461135864,-24,1000,751.5
74.1094741821289,7.63157892227173,-24,1000,751.5
78.4515838623047,9.60526275634766,-24,1000,751.5
72.3852691650391,11.5789470672607,-24,1000,751.5
60.9378967285156,13.5526313781738,-24,1000,751.5
45.7915802001953,15.5263156890869,-24,1000,751.5
27.1599998474121,17.5,-24,1000,751.5
29.4021053314209,19.4736843109131,-24,1000,751.5
31.1694755554199,21.4473686218262,-24,1000,751.5
32.9189453125,23.4210529327393,-24,1000,751.5
35.6189460754395,25.3947372436523,-24,1000,751.5
41.4136848449707,27.3684215545654,-24,1000,751.5
47.3557891845703,29.3421058654785,-24,1000,751.5
57.8873748779297,31.3157901763916,-24,1000,751.5
69.3442153930664,33.2894744873047,-24,1000,751.5
77.8452606201172,35.2631568908691,-24,1000,751.5
80.4347381591797,37.2368431091309,-24,1000,751.5
81.3136825561523,39.2105255126953,-24,1000,751.5
78.7463073730469,41.184211730957,-24,1000,751.5
74.025260925293,43.1578941345215,-24,1000,751.5
70.0494766235352,45.1315803527832,-24,1000,751.5
77.3915786743164,47.1052627563477,-24,1000,751.5
83.8873748779297,49.0789489746094,-24,1000,751.5
84.8663177490234,51.0526313781738,-24,1000,751.5
82.4873657226563,53.0263175964356,-24,1000,751.5
83.6399993896484,55,-24,1000,751.5
82.3199996948242,-20,-22,1000,751.5
80.5673675537109,-18.0263156890869,-22,1000,751.5
79.5905303955078,-16.0526313781738,-22,1000,751.5
79.9126281738281,-14.0789470672607,-22,1000,751.5
80.6389465332031,-12.1052627563477,-22,1000,751.5
78.3336868286133,-10.1315793991089,-22,1000,751.5
79.329475402832,-8.1578950881958,-22,1000,751.5
79.2978973388672,-6.18421030044556,-22,1000,751.5
79.0326232910156,-4.21052646636963,-22,1000,751.5
79.4231567382813,-2.23684215545654,-22,1000,751.5
80.1968460083008,-0.263157904148102,-22,1000,751.5
79.0410614013672,1.71052634716034,-22,1000,751.5
78.8105316162109,3.68421053886414,-22,1000,751.5
78.0631561279297,5.65789461135864,-22,1000,751.5
75.2463150024414,7.63157892227173,-22,1000,751.5
80.7410507202149,9.60526275634766,-22,1000,751.5
73.6547393798828,11.5789470672607,-22,1000,751.5
58.555793762207,13.5526313781738,-22,1000,751.5
40.0484199523926,15.5263156890869,-22,1000,751.5
23.8799991607666,17.5,-22,1000,751.5
27.9536857604981,19.4736843109131,-22,1000,751.5
29.5378952026367,21.4473686218262,-22,1000,751.5
31.0273685455322,23.4210529327393,-22,1000,751.5
34.6905250549316,25.3947372436523,-22,1000,751.5
43.3431587219238,27.3684215545654,-22,1000,751.5
48.6357917785645,29.3421058654785,-22,1000,751.5
57.2357940673828,31.3157901763916,-22,1000,751.5
67.6031646728516,33.2894744873047,-22,1000,751.5
77.0452651977539,35.2631568908691,-22,1000,751.5
80.5347366333008,37.2368431091309,-22,1000,751.5
81.8621063232422,39.2105255126953,-22,1000,751.5
78.1768417358398,41.184211730957,-22,1000,751.5
71.5400009155274,43.1578941345215,-22,1000,751.5
66.3252639770508,45.1315803527832,-22,1000,751.5
76.30419921875,47.1052627563477,-22,1000,751.5
85.1715850830078,49.0789489746094,-22,1000,751.5
85.8873672485352,51.0526313781738,-22,1000,751.5
81.5410537719727,53.0263175964356,-22,1000,751.5
82.2200012207031,55,-22,1000,751.5
79.1999969482422,-20,-20,1000,751.5
76.7526321411133,-18.0263156890869,-20,1000,751.5
77.2578887939453,-16.0526313781738,-20,1000,751.5
79.0578918457031,-14.0789470672607,-20,1000,751.5
80.3526306152344,-12.1052627563477,-20,1000,751.5
78.6157913208008,-10.1315793991089,-20,1000,751.5
80.7105255126953,-8.1578950881958,-20,1000,751.5
80.9736785888672,-6.18421030044556,-20,1000,751.5
80.6578979492188,-4.21052646636963,-20,1000,751.5
81.0947341918945,-2.23684215545654,-20,1000,751.5
81.8052673339844,-0.263157904148102,-20,1000,751.5
78.6157913208008,1.71052634716034,-20,1000,751.5
77.1473693847656,3.68421053886414,-20,1000,751.5
77.5157852172852,5.65789461135864,-20,1000,751.5
78.6947402954102,7.63157892227173,-20,1000,751.5
83.1157836914063,9.60526275634766,-20,1000,751.5
75.6631622314453,11.5789470672607,-20,1000,751.5
57.0736846923828,13.5526313781738,-20,1000,751.5
35.2526321411133,15.5263156890869,-20,1000,751.5
24.2000007629395,17.5,-20,1000,751.5
25.9368419647217,19.4736843109131,-20,1000,751.5
27.2684211730957,21.4473686218262,-20,1000,751.5
29.4105262756348,23.4210529327393,-20,1000,751.5
33.1368408203125,25.3947372436523,-20,1000,751.5
38.8210563659668,27.3684215545654,-20,1000,751.5
43.9157905578613,29.3421058654785,-20,1000,751.5
54.0736885070801,31.3157901763916,-20,1000,751.5
66.7526321411133,33.2894744873047,-20,1000,751.5
78.089469909668,35.2631568908691,-20,1000,751.5
81.0105285644531,37.2368431091309,-20,1000,751.5
82.4263153076172,39.2105255126953,-20,1000,751.5
77.8315734863281,41.184211730957,-20,1000,751.5
69.910530090332,43.1578941345215,-20,1000,751.5
64.1105346679688,45.1315803527832,-20,1000,751.5
73.2684173583984,47.1052627563477,-20,1000,751.5
84.95263671875,49.0789489746094,-20,1000,751.5
86.1947326660156,51.0526313781738,-20,1000,751.5
79.726318359375,53.0263175964356,-20,1000,751.5
78.6999969482422,55,-20,1000,751.5
77.3600006103516,-20,-18,1000,751.5
77.0599975585938,-18.0263156890869,-18,1000,751.5
78.6010437011719,-16.0526313781738,-18,1000,751.5
79.9421005249024,-14.0789470672607,-18,1000,751.5
79.9736862182617,-12.1052627563477,-18,1000,751.5
78.7420959472656,-10.1315793991089,-18,1000,751.5
80.8705291748047,-8.1578950881958,-18,1000,751.5
80.7126312255859,-6.18421030044556,-18,1000,751.5
79.9168472290039,-4.21052646636963,-18,1000,751.5
80.117904663086,-2.23684215545654,-18,1000,751.5
80.7021102905273,-0.263157904148102,-18,1000,751.5
79.0284194946289,1.71052634716034,-18,1000,751.5
78.1157913208008,3.68421053886414,-18,1000,751.5
78.9473724365234,5.65789461135864,-18,1000,751.5
81.6505279541016,7.63157892227173,-18,1000,751.5
82.4084243774414,9.60526275634766,-18,1000,751.5
68.7157974243164,11.5789470672607,-18,1000,751.5
48.9010543823242,13.5526313781738,-18,1000,751.5
31.4294757843018,15.5263156890869,-18,1000,751.5
26.4400005340576,17.5,-18,1000,751.5
25.6505279541016,19.4736843109131,-18,1000,751.5
26.1694755554199,21.4473686218262,-18,1000,751.5
28.9473686218262,23.4210529327393,-18,1000,751.5
33.8610534667969,25.3947372436523,-18,1000,751.5
39.166316986084,27.3684215545654,-18,1000,751.5
44.2947387695313,29.3421058654785,-18,1000,751.5
51.6105308532715,31.3157901763916,-18,1000,751.5
61.1315841674805,33.2894744873047,-18,1000,751.5
71.2852630615234,35.2631568908691,-18,1000,751.5
74.7747421264648,37.2368431091309,-18,1000,751.5
77.525260925293,39.2105255126953,-18,1000,751.5
75.8231658935547,41.184211730957,-18,1000,751.5
69.7968444824219,43.1578941345215,-18,1000,751.5
61.79052734375,45.1315803527832,-18,1000,751.5
66.1484222412109,47.1052627563477,-18,1000,751.5
80.5610656738281,49.0789489746094,-18,1000,751.5
87.3568420410156,51.0526313781738,-18,1000,751.5
85.0610504150391,53.0263175964356,-18,1000,751.5
82.1399993896485,55,-18,1000,751.5
77.8600006103516,-20,-16,1000,751.5
78.9021072387695,-18.0263156890869,-16,1000,751.5
79.7357940673828,-16.0526313781738,-16,1000,751.5
80.1031494140625,-14.0789470672607,-16,1000,751.5
80.1221084594727,-12.1052627563477,-16,1000,751.5
80.5326385498047,-10.1315793991089,-16,1000,751.5
81.178955078125,-8.1578950881958,-16,1000,751.5
80.5368423461914,-6.18421030044556,-16,1000,751.5
80.0189514160156,-4.21052646636963,-16,1000,751.5
80.4642181396484,-2.23684215545654,-16,1000,751.5
79.5957946777344,-0.263157904148102,-16,1000,751.5
79.3842163085938,1.71052634716034,-16,1000,751.5
78.5442199707031,3.68421053886414,-16,1000,751.5
78.4810562133789,5.65789461135864,-16,1000,751.5
80.7473678588867,7.63157892227173,-16,1000,751.5
80.2579040527344,9.60526275634766,-16,1000,751.5
69.6000061035156,11.5789470672607,-16,1000,751.5
51.3136863708496,13.5526313781738,-16,1000,751.5
33.1831588745117,15.5263156890869,-16,1000,751.5
27.7200012207031,17.5,-16,1000,751.5
26.914737701416,19.4736843109131,-16,1000,751.5
27.498950958252,21.4473686218262,-16,1000,751.5
30.29052734375,23.4210529327393,-16,1000,751.5
35.1884231567383,25.3947372436523,-16,1000,751.5
40.730525970459,27.3684215545654,-16,1000,751.5
45.6242141723633,29.3421058654785,-16,1000,751.5
49.3242149353027,31.3157901763916,-16,1000,751.5
53.8400039672852,33.2894744873047,-16,1000,751.5
60.2968406677246,35.2631568908691,-16,1000,751.5
65.8231582641602,37.2368431091309,-16,1000,751.5
72.3621063232422,39.2105255126953,-16,1000,751.5
76.0442199707031,41.184211730957,-16,1000,751.5
73.5231628417969,43.1578941345215,-16,1000,751.5
63.3515815734863,45.1315803527832,-16,1000,751.5
63.5252647399902,47.1052627563477,-16,1000,751.5
76.8484420776367,49.0789489746094,-16,1000,751.5
86.4947357177734,51.0526313781738,-16,1000,751.5
88.2578887939453,53.0263175964356,-16,1000,751.5
85.1000061035156,55,-16,1000,751.5
79.8199996948242,-20,-14,1000,751.5
80.893684387207,-18.0263156890869,-14,1000,751.5
80.7168426513672,-16.0526313781738,-14,1000,751.5
80.4168395996094,-14.0789470672607,-14,1000,751.5
80.6442031860352,-12.1052627563477,-14,1000,751.5
81.4652633666992,-10.1315793991089,-14,1000,751.5
80.606315612793,-8.1578950881958,-14,1000,751.5
80.1115875244141,-6.18421030044556,-14,1000,751.5
80.5852661132813,-4.21052646636963,-14,1000,751.5
81.6136779785156,-2.23684215545654,-14,1000,751.5
79.1663208007813,-0.263157904148102,-14,1000,751.5
79.6473693847656,1.71052634716034,-14,1000,751.5
79.1673736572266,3.68421053886414,-14,1000,751.5
77.9989471435547,5.65789461135864,-14,1000,751.5
77.650520324707,7.63157892227173,-14,1000,751.5
81.7084274291992,9.60526275634766,-14,1000,751.5
77.5178985595703,11.5789470672607,-14,1000,751.5
61.2778930664063,13.5526313781738,-14,1000,751.5
39.7852630615234,15.5263156890869,-14,1000,751.5
27.8800010681152,17.5,-14,1000,751.5
27.7378940582275,19.4736843109131,-14,1000,751.5
29.1705265045166,21.4473686218262,-14,1000,751.5
31.8315811157227,23.4210529327393,-14,1000,751.5
35.4852638244629,25.3947372436523,-14,1000,751.5
40.1115760803223,27.3684215545654,-14,1000,751.5
44.7968444824219,29.3421058654785,-14,1000,751.5
47.5599975585938,31.3157901763916,-14,1000,751.5
49.8905258178711,33.2894744873047,-14,1000,751.5
53.3999977111817,35.2631568908691,-14,1000,751.5
59.4000015258789,37.2368431091309,-14,1000,751.5
68.8757781982422,39.2105255126953,-14,1000,751.5
77.2568511962891,41.184211730957,-14,1000,751.5
78.8094711303711,43.1578941345215,-14,1000,751.5
69.3515777587891,45.1315803527832,-14,1000,751.5
66.525260925293,47.1052627563477,-14,1000,751.5
75.9642181396484,49.0789489746094,-14,1000,751.5
84.6884231567383,51.0526313781738,-14,1000,751.5
88.1126327514649,53.0263175964356,-14,1000,751.5
86.0599975585938,55,-14,1000,751.5
82,-20,-12,1000,751.5
82.0315780639649,-18.0263156890869,-12,1000,751.5
81.4610595703125,-16.0526313781738,-12,1000,751.5
81.0473709106445,-14.0789470672607,-12,1000,751.5
80.9842071533203,-12.1052627563477,-12,1000,751.5
80.6052551269531,-10.1315793991089,-12,1000,751.5
79.6221008300781,-8.1578950881958,-12,1000,751.5
79.795783996582,-6.18421030044556,-12,1000,751.5
81.0621032714844,-4.21052646636963,-12,1000,751.5
82.4505310058594,-2.23684215545654,-12,1000,751.5
79.829475402832,-0.263157904148102,-12,1000,751.5
80.2463073730469,1.71052634716034,-12,1000,751.5
80.5905303955078,3.68421053886414,-12,1000,751.5
78.9378967285156,5.65789461135864,-12,1000,751.5
75.0505294799805,7.63157892227173,-12,1000,751.5
85.7084197998047,9.60526275634766,-12,1000,751.5
87.7768402099609,11.5789470672607,-12,1000,751.5
73.9631652832031,13.5526313781738,-12,1000,751.5
49.495792388916,15.5263156890869,-12,1000,751.5
28.7799987792969,17.5,-12,1000,751.5
28.1010551452637,19.4736843109131,-12,1000,751.5
29.8884220123291,21.4473686218262,-12,1000,751.5
32.167366027832,23.4210529327393,-12,1000,751.5
34.2357902526856,25.3947372436523,-12,1000,751.5
37.3147392272949,27.3684215545654,-12,1000,751.5
41.7347373962402,29.3421058654785,-12,1000,751.5
46.3031616210938,31.3157901763916,-12,1000,751.5
50.1210517883301,33.2894744873047,-12,1000,751.5
53.043155670166,35.2631568908691,-12,1000,751.5
57.7168426513672,37.2368431091309,-12,1000,751.5
67.8505172729492,39.2105255126953,-12,1000,751.5
78.3315887451172,41.184211730957,-12,1000,751.5
83.1210632324219,43.1578941345215,-12,1000,751.5
77.3484191894531,45.1315803527832,-12,1000,751.5
73.8747406005859,47.1052627563477,-12,1000,751.5
78.8136901855469,49.0789489746094,-12,1000,751.5
84.0284118652344,51.0526313781738,-12,1000,751.5
86.5410461425781,53.0263175964356,-12,1000,751.5
86.0199966430664,55,-12,1000,751.5
82.8000030517578,-20,-10,1000,751.5
81.6947402954102,-18.0263156890869,-10,1000,751.5
81.7473754882813,-16.0526313781738,-10,1000,751.5
81.4473648071289,-14.0789470672607,-10,1000,751.5
80.184211730957,-12.1052627563477,-10,1000,751.5
78.6052627563477,-10.1315793991089,-10,1000,751.5
80.1947402954102,-8.1578950881958,-10,1000,751.5
80.6421051025391,-6.18421030044556,-10,1000,751.5
80.7210540771484,-4.21052646636963,-10,1000,751.5
81.2631607055664,-2.23684215545654,-10,1000,751.5
81.7368469238281,-0.263157904148102,-10,1000,751.5
82.0736846923828,1.71052634716034,-10,1000,751.5
83.2894744873047,3.68421053886414,-10,1000,751.5
82.2894744873047,5.65789461135864,-10,1000,751.5
76.6631546020508,7.63157892227173,-10,1000,751.5
85.1105270385742,9.60526275634766,-10,1000,751.5
91.7894744873047,11.5789470672607,-10,1000,751.5
82.7421035766602,13.5526313781738,-10,1000,751.5
59.563159942627,15.5263156890869,-10,1000,751.5
34.2999992370606,17.5,-10,1000,751.5
29.9578952789307,19.4736843109131,-10,1000,751.5
29.147367477417,21.4473686218262,-10,1000,751.5
30.0999984741211,23.4210529327393,-10,1000,751.5
32.042106628418,25.3947372436523,-10,1000,751.5
35.7526321411133,27.3684215545654,-10,1000,751.5
39.3894729614258,29.3421058654785,-10,1000,751.5
45.1789474487305,31.3157901763916,-10,1000,751.5
51.1947326660156,33.2894744873047,-10,1000,751.5
55.8473663330078,35.2631568908691,-10,1000,751.5
59.9526329040527,37.2368431091309,-10,1000,751.5
68.9157867431641,39.2105255126953,-10,1000,751.5
78.2473754882813,41.184211730957,-10,1000,751.5
83.6684265136719,43.1578941345215,-10,1000,751.5
81.9000015258789,45.1315803527832,-10,1000,751.5
81.9000015258789,47.1052627563477,-10,1000,751.5
85.0578994750977,49.0789489746094,-10,1000,751.5
87.6157836914063,51.0526313781738,-10,1000,751.5
88.5789489746094,53.0263175964356,-10,1000,751.5
88.5,55,-10,1000,751.5
83.0400085449219,-20,-8,1000,751.5
81.5557861328125,-18.0263156890869,-8,1000,751.5
81.8315811157227,-16.0526313781738,-8,1000,751.5
81.7968444824219,-14.0789470672607,-8,1000,751.5
80.874740600586,-12.1052627563477,-8,1000,751.5
80.7484130859375,-10.1315793991089,-8,1000,751.5
83.1421127319336,-8.1578950881958,-8,1000,751.5
83.0421142578125,-6.18421030044556,-8,1000,751.5
82.2747344970703,-4.21052646636963,-8,1000,751.5
82.7705383300781,-2.23684215545654,-8,1000,751.5
84.9494781494141,-0.263157904148102,-8,1000,751.5
83.4884262084961,1.71052634716034,-8,1000,751.5
82.8600082397461,3.68421053886414,-8,1000,751.5
82.0915756225586,5.65789461135864,-8,1000,751.5
79.6863098144531,7.63157892227173,-8,1000,751.5
84.2810592651367,9.60526275634766,-8,1000,751.5
87.7136917114258,11.5789470672607,-8,1000,751.5
78.3673706054688,13.5526313781738,-8,1000,751.5
57.7231597900391,15.5263156890869,-8,1000,751.5
36.060001373291,17.5,-8,1000,751.5
31.4021053314209,19.4736843109131,-8,1000,751.5
29.210527420044,21.4473686218262,-8,1000,751.5
28.5715789794922,23.4210529327393,-8,1000,751.5
29.2757892608643,25.3947372436523,-8,1000,751.5
32.3547401428223,27.3684215545654,-8,1000,751.5
36.3621063232422,29.3421058654785,-8,1000,751.5
43.3515853881836,31.3157901763916,-8,1000,751.5
51.4768447875977,33.2894744873047,-8,1000,751.5
58.9589462280274,35.2631568908691,-8,1000,751.5
65.4010620117188,37.2368431091309,-8,1000,751.5
72.9242095947266,39.2105255126953,-8,1000,751.5
79.6663208007813,41.184211730957,-8,1000,751.5
83.9715805053711,43.1578941345215,-8,1000,751.5
84.6242141723633,45.1315803527832,-8,1000,751.5
84.687370300293,47.1052627563477,-8,1000,751.5
84.7252655029297,49.0789489746094,-8,1000,751.5
84.4789505004883,51.0526313781738,-8,1000,751.5
84.2000045776367,53.0263175964356,-8,1000,751.5
84.5,55,-8,1000,751.5
83.7600021362305,-20,-6,1000,751.5
83.2231597900391,-18.0263156890869,-6,1000,751.5
83.4157867431641,-16.0526313781738,-6,1000,751.5
83.2768402099609,-14.0789470672607,-6,1000,751.5
82.79052734375,-12.1052627563477,-6,1000,751.5
83.6431655883789,-10.1315793991089,-6,1000,751.5
84.4663238525391,-8.1578950881958,-6,1000,751.5
84.3084259033203,-6.18421030044556,-6,1000,751.5
84.0968475341797,-4.21052646636963,-6,1000,751.5
84.5431594848633,-2.23684215545654,-6,1000,751.5
85.016845703125,-0.263157904148102,-6,1000,751.5
84.0126342773438,1.71052634716034,-6,1000,751.5
83.7568511962891,3.68421053886414,-6,1000,751.5
84.1515808105469,5.65789461135864,-6,1000,751.5
84.6168518066406,7.63157892227173,-6,1000,751.5
86.0694732666016,9.60526275634766,-6,1000,751.5
82.6463165283203,11.5789470672607,-6,1000,751.5
71.2421035766602,13.5526313781738,-6,1000,751.5
55.0115814208984,15.5263156890869,-6,1000,751.5
41.7799987792969,17.5,-6,1000,751.5
41.0694732666016,19.4736843109131,-6,1000,751.5
40.9957885742188,21.4473686218262,-6,1000,751.5
39.974739074707,23.4210529327393,-6,1000,751.5
37.4705276489258,25.3947372436523,-6,1000,751.5
34.4231605529785,27.3684215545654,-6,1000,751.5
34.9421081542969,29.3421058654785,-6,1000,751.5
41.6947402954102,31.3157901763916,-6,1000,751.5
51.6263198852539,33.2894744873047,-6,1000,751.5
61.7705230712891,35.2631568908691,-6,1000,751.5
71.4494781494141,37.2368431091309,-6,1000,751.5
78.4736785888672,39.2105255126953,-6,1000,751.5
82.8915863037109,41.184211730957,-6,1000,751.5
85.0705261230469,43.1578941345215,-6,1000,751.5
85.6336898803711,45.1315803527832,-6,1000,751.5
85.2389450073242,47.1052627563477,-6,1000,751.5
85.3873748779297,49.0789489746094,-6,1000,751.5
85.4694747924805,51.0526313781738,-6,1000,751.5
85.1894760131836,53.0263175964356,-6,1000,751.5
84.4000091552734,55,-6,1000,751.5
84.879997253418,-20,-4,1000,751.5
85.3221054077149,-18.0263156890869,-4,1000,751.5
85.3821029663086,-16.0526313781738,-4,1000,751.5
85.1484146118164,-14.0789470672607,-4,1000,751.5
85.022102355957,-12.1052627563477,-4,1000,751.5
86.0326385498047,-10.1315793991089,-4,1000,751.5
85.6578979492188,-8.1578950881958,-4,1000,751.5
85.7210540771484,-6.18421030044556,-4,1000,751.5
85.9199981689453,-4.21052646636963,-4,1000,751.5
85.7178955078125,-2.23684215545654,-4,1000,751.5
84.2021026611328,-0.263157904148102,-4,1000,751.5
84.6021041870117,1.71052634716034,-4,1000,751.5
85.003158569336,3.68421053886414,-4,1000,751.5
85.187370300293,5.65789461135864,-4,1000,751.5
85.2126312255859,7.63157892227173,-4,1000,751.5
83.6021041870117,9.60526275634766,-4,1000,751.5
77.0652618408203,11.5789470672607,-4,1000,751.5
67.7221069335938,13.5526313781738,-4,1000,751.5
58.8999977111816,15.5263156890869,-4,1000,751.5
55.2999992370606,17.5,-4,1000,751.5
58.4736862182617,19.4736843109131,-4,1000,751.5
60.6863174438477,21.4473686218262,-4,1000,751.5
60.2210502624512,23.4210529327393,-4,1000,751.5
55.7463150024414,25.3947372436523,-4,1000,751.5
45.8778953552246,27.3684215545654,-4,1000,751.5
39.3694686889648,29.3421058654785,-4,1000,751.5
42.5957908630371,31.3157901763916,-4,1000,751.5
51.2894744873047,33.2894744873047,-4,1000,751.5
61.2526245117188,35.2631568908691,-4,1000,751.5
72.4473724365234,37.2368431091309,-4,1000,751.5
79.0715789794922,39.2105255126953,-4,1000,751.5
82.8705291748047,41.184211730957,-4,1000,751.5
84.8073654174805,43.1578941345215,-4,1000,751.5
85.7178955078125,45.1315803527832,-4,1000,751.5
84.7863235473633,47.1052627563477,-4,1000,751.5
84.9536895751953,49.0789489746094,-4,1000,751.5
85.614730834961,51.0526313781738,-4,1000,751.5
85.8357849121094,53.0263175964356,-4,1000,751.5
84.3200073242188,55,-4,1000,751.5
85.8000030517578,-20,-2,1000,751.5
86.4631576538086,-18.0263156890869,-2,1000,751.5
86.4199981689453,-16.0526313781738,-2,1000,751.5
86.2378921508789,-14.0789470672607,-2,1000,751.5
86.2757949829102,-12.1052627563477,-2,1000,751.5
86.6547393798828,-10.1315793991089,-2,1000,751.5
86.4000015258789,-8.1578950881958,-2,1000,751.5
86.8473663330078,-6.18421030044556,-2,1000,751.5
86.9989471435547,-4.21052646636963,-2,1000,751.5
86.0115814208984,-2.23684215545654,-2,1000,751.5
84.1484222412109,-0.263157904148102,-2,1000,751.5
85.5557861328125,1.71052634716034,-2,1000,751.5
85.7136840820313,3.68421053886414,-2,1000,751.5
84.2715759277344,5.65789461135864,-2,1000,751.5
81.8873672485352,7.63157892227173,-2,1000,751.5
78.3978958129883,9.60526275634766,-2,1000,751.5
74.7442092895508,11.5789470672607,-2,1000,751.5
72.0094680786133,13.5526313781738,-2,1000,751.5
71.4157867431641,15.5263156890869,-2,1000,751.5
74.4000015258789,17.5,-2,1000,751.5
78.3473663330078,19.4736843109131,-2,1000,751.5
80.9515762329102,21.4473686218262,-2,1000,751.5
81.5494689941406,23.4210529327393,-2,1000,751.5
78.1168365478516,25.3947372436523,-2,1000,751.5
65.5010528564453,27.3684215545654,-2,1000,751.5
52.0452575683594,29.3421058654785,-2,1000,751.5
49.2452621459961,31.3157901763916,-2,1000,751.5
52.9147415161133,33.2894744873047,-2,1000,751.5
58.7736778259277,35.2631568908691,-2,1000,751.5
68.0263137817383,37.2368431091309,-2,1000,751.5
73.337890625,39.2105255126953,-2,1000,751.5
77.6736907958984,41.184211730957,-2,1000,751.5
81.8421096801758,43.1578941345215,-2,1000,751.5
85.8694763183594,45.1315803527832,-2,1000,751.5
85.7115859985352,47.1052627563477,-2,1000,751.5
84.4800109863281,49.0789489746094,-2,1000,751.5
84.3778991699219,51.0526313781738,-2,1000,751.5
84.9642028808594,53.0263175964356,-2,1000,751.5
84.0800018310547,55,-2,1000,751.5
85.4000015258789,-20,0,1000,751.5
85.2421035766602,-18.0263156890869,0,1000,751.5
85.0263137817383,-16.0526313781738,0,1000,751.5
84.9368438720703,-14.0789470672607,0,1000,751.5
84.8736801147461,-12.1052627563477,0,1000,751.5
84.2420959472656,-10.1315793991089,0,1000,751.5
84.5684204101563,-8.1578950881958,0,1000,751.5
85.542106628418,-6.18421030044556,0,1000,751.5
86.1105270385742,-4.21052646636963,0,1000,751.5
85.7210540771484,-2.23684215545654,0,1000,751.5
85.8789520263672,-0.263157904148102,0,1000,751.5
86.5157928466797,1.71052634716034,0,1000,751.5
85.0947418212891,3.68421053886414,0,1000,751.5
82.8315734863281,5.65789461135864,0,1000,751.5
81.7105331420899,7.63157892227173,0,1000,751.5
80.3684158325195,9.60526275634766,0,1000,751.5
82.7526321411133,11.5789470672607,0,1000,751.5
86.1526336669922,13.5526313781738,0,1000,751.5
89.1420974731445,15.5263156890869,0,1000,751.5
90.8000030517578,17.5,0,1000,751.5
90.6421051025391,19.4736843109131,0,1000,751.5
90.9473648071289,21.4473686218262,0,1000,751.5
92.5263061523438,23.4210529327393,0,1000,751.5
93.4894714355469,25.3947372436523,0,1000,751.5
86.9368438720703,27.3684215545654,0,1000,751.5
73.5315704345703,29.3421058654785,0,1000,751.5
65.6368408203125,31.3157901763916,0,1000,751.5
61.752628326416,33.2894744873047,0,1000,751.5
60.0999984741211,35.2631568908691,0,1000,751.5
63.1000022888184,37.2368431091309,0,1000,751.5
65.0052642822266,39.2105255126953,0,1000,751.5
68.4947357177734,41.184211730957,0,1000,751.5
75.6526260375977,43.1578941345215,0,1000,751.5
87.2842178344727,45.1315803527832,0,1000,751.5
91.54736328125,47.1052627563477,0,1000,751.5
88.1684188842774,49.0789489746094,0,1000,751.5
85.6578903198242,51.0526313781738,0,1000,751.5
85.9368362426758,53.0263175964356,0,1000,751.5
87.1999969482422,55,0,1000,751.5
84.2800064086914,-20,2,1000,751.5
84.5010604858399,-18.0263156890869,2,1000,751.5
84.6178970336914,-16.0526313781738,2,1000,751.5
84.5789489746094,-14.0789470672607,2,1000,751.5
84.4905242919922,-12.1052627563477,2,1000,751.5
84.7431640625,-10.1315793991089,2,1000,751.5
85.6589508056641,-8.1578950881958,2,1000,751.5
86.1484222412109,-6.18421030044556,2,1000,751.5
86.3126373291016,-4.21052646636963,2,1000,751.5
86.5126342773438,-2.23684215545654,2,1000,751.5
87.807373046875,-0.263157904148102,2,1000,751.5
86.8989486694336,1.71052634716034,2,1000,751.5
85.9452667236328,3.68421053886414,2,1000,751.5
86.4400024414063,5.65789461135864,2,1000,751.5
89.3736877441406,7.63157892227173,2,1000,751.5
91.3789520263672,9.60526275634766,2,1000,751.5
94.1294784545899,11.5789470672607,2,1000,751.5
95.0284271240234,13.5526313781738,2,1000,751.5
93.5252685546875,15.5263156890869,2,1000,751.5
90.3199996948242,17.5,2,1000,751.5
90.4147338867188,19.4736843109131,2,1000,751.5
90.3705291748047,21.4473686218262,2,1000,751.5
91.0568389892578,23.4210529327393,2,1000,751.5
92.4494705200195,25.3947372436523,2,1000,751.5
93.0968475341797,27.3684215545654,2,1000,751.5
87.5989532470703,29.3421058654785,2,1000,751.5
79.7463073730469,31.3157901763916,2,1000,751.5
71.46630859375,33.2894744873047,2,1000,751.5
65.1021118164063,35.2631568908691,2,1000,751.5
66.0178985595703,37.2368431091309,2,1000,751.5
64.7989501953125,39.2105255126953,2,1000,751.5
62.2378959655762,41.184211730957,2,1000,751.5
63.3115768432617,43.1578941345215,2,1000,751.5
73.0105285644531,45.1315803527832,2,1000,751.5
82.768424987793,47.1052627563477,2,1000,751.5
86.0968475341797,49.0789489746094,2,1000,751.5
87.7673645019531,51.0526313781738,2,1000,751.5
89.0947418212891,53.0263175964356,2,1000,751.5
89.5999984741211,55,2,1000,751.5
83.1000061035156,-20,4,1000,751.5
83.4631652832031,-18.0263156890869,4,1000,751.5
83.1894836425781,-16.0526313781738,4,1000,751.5
83.3621063232422,-14.0789470672607,4,1000,751.5
84.6221084594727,-12.1052627563477,4,1000,751.5
87.1326370239258,-10.1315793991089,4,1000,751.5
89.8789443969727,-8.1578950881958,4,1000,751.5
90.4842147827148,-6.18421030044556,4,1000,751.5
90.1494750976562,-4.21052646636963,4,1000,751.5
90.0863265991211,-2.23684215545654,4,1000,751.5
90.4336929321289,-0.263157904148102,4,1000,751.5
89.3031616210938,1.71052634716034,4,1000,751.5
89.0442199707031,3.68421053886414,4,1000,751.5
90.5599975585938,5.65789461135864,4,1000,751.5
94.0336837768555,7.63157892227173,4,1000,751.5
95.7389526367188,9.60526275634766,4,1000,751.5
96.3452758789063,11.5789470672607,4,1000,751.5
95.4221038818359,13.5526313781738,4,1000,751.5
93.1905288696289,15.5263156890869,4,1000,751.5
90.3800048828125,17.5,4,1000,751.5
90.4905319213867,19.4736843109131,4,1000,751.5
90.4157943725586,21.4473686218262,4,1000,751.5
90.332633972168,23.4210529327393,4,1000,751.5
90.6105346679688,25.3947372436523,4,1000,751.5
92.0631637573242,27.3684215545654,4,1000,751.5
90.9515838623047,29.3421058654785,4,1000,751.5
85.7621002197266,31.3157901763916,4,1000,751.5
78.5621032714844,33.2894744873047,4,1000,751.5
72.349479675293,35.2631568908691,4,1000,751.5
73.170524597168,37.2368431091309,4,1000,751.5
69.8726348876953,39.2105255126953,4,1000,751.5
62.4168395996094,41.184211730957,4,1000,751.5
57.0115814208984,43.1578941345215,4,1000,751.5
60.8684272766113,45.1315803527832,4,1000,751.5
71.1947402954102,47.1052627563477,4,1000,751.5
80.131591796875,49.0789489746094,4,1000,751.5
85.79052734375,51.0526313781738,4,1000,751.5
87.5631561279297,53.0263175964356,4,1000,751.5
85.6999969482422,55,4,1000,751.5
82.2600021362305,-20,6,1000,751.5
82.1178970336914,-18.0263156890869,6,1000,751.5
81.9642181396485,-16.0526313781738,6,1000,751.5
83.5452651977539,-14.0789470672607,6,1000,751.5
87.2242050170899,-12.1052627563477,6,1000,751.5
91.3452529907227,-10.1315793991089,6,1000,751.5
94.1399993896484,-8.1578950881958,6,1000,751.5
94.7031555175781,-6.18421030044556,6,1000,751.5
94.32421875,-4.21052646636963,6,1000,751.5
94.0800094604492,-2.23684215545654,6,1000,751.5
93.4800109863281,-0.263157904148102,6,1000,751.5
92.9894790649414,1.71052634716034,6,1000,751.5
93.2736892700195,3.68421053886414,6,1000,751.5
94.4631652832031,5.65789461135864,6,1000,751.5
96.3747329711914,7.63157892227173,6,1000,751.5
97.1957855224609,9.60526275634766,6,1000,751.5
95.983154296875,11.5789470672607,6,1000,751.5
94.3210525512695,13.5526313781738,6,1000,751.5
92.8621063232422,15.5263156890869,6,1000,751.5
91.8200073242187,17.5,6,1000,751.5
91.0463104248047,19.4736843109131,6,1000,751.5
91.3147354125977,21.4473686218262,6,1000,751.5
91.5199966430664,23.4210529327393,6,1000,751.5
91.2105255126953,25.3947372436523,6,1000,751.5
90.863151550293,27.3684215545654,6,1000,751.5
91.2231597900391,29.3421058654785,6,1000,751.5
88.9178924560547,31.3157901763916,6,1000,751.5
84.9894714355469,33.2894744873047,6,1000,751.5
81.4042205810547,35.2631568908691,6,1000,751.5
82.6357879638672,37.2368431091309,6,1000,751.5
77.6410522460938,39.2105255126953,6,1000,751.5
66.7241973876953,41.184211730957,6,1000,751.5
55.9926300048828,43.1578941345215,6,1000,751.5
52.9779014587402,45.1315803527832,6,1000,751.5
60.1463165283203,47.1052627563477,6,1000,751.5
71.7863235473633,49.0789489746094,6,1000,751.5
81.9168395996094,51.0526313781738,6,1000,751.5
86.8936767578125,53.0263175964356,6,1000,751.5
84.0199966430664,55,6,1000,751.5
82.0800018310547,-20,8,1000,751.5
81.0536804199219,-18.0263156890869,8,1000,751.5
82.192626953125,-16.0526313781738,8,1000,751.5
86.0420989990234,-14.0789470672607,8,1000,751.5
91.5968399047852,-12.1052627563477,8,1000,751.5
95.1810531616211,-10.1315793991089,8,1000,751.5
95.9947357177734,-8.1578950881958,8,1000,751.5
96.2000045776367,-6.18421030044556,8,1000,751.5
96.2505264282227,-4.21052646636963,8,1000,751.5
96.2694778442383,-2.23684215545654,8,1000,751.5
95.5905303955078,-0.263157904148102,8,1000,751.5
95.9926376342773,1.71052634716034,8,1000,751.5
96.5231628417969,3.68421053886414,8,1000,751.5
96.7757873535156,5.65789461135864,8,1000,751.5
96.5873718261719,7.63157892227173,8,1000,751.5
97.2978973388672,9.60526275634766,8,1000,751.5
95.9873657226563,11.5789470672607,8,1000,751.5
94.5926284790039,13.5526313781738,8,1000,751.5
93.7599945068359,15.5263156890869,8,1000,751.5
93.4599990844727,17.5,8,1000,751.5
91.7705307006836,19.4736843109131,8,1000,751.5
92.4431610107422,21.4473686218262,8,1000,751.5
93.3410491943359,23.4210529327393,8,1000,751.5
93.214729309082,25.3947372436523,8,1000,751.5
91.888427734375,27.3684215545654,8,1000,751.5
91.7410583496094,29.3421058654785,8,1000,751.5
90.4463195800781,31.3157901763916,8,1000,751.5
89.2242126464844,33.2894744873047,8,1000,751.5
89.3842086791992,35.2631568908691,8,1000,751.5
91.815788269043,37.2368431091309,8,1000,751.5
85.6126327514649,39.2105255126953,8,1000,751.5
72.4252548217774,41.184211730957,8,1000,751.5
57.6305274963379,43.1578941345215,8,1000,751.5
47.9557914733887,45.1315803527832,8,1000,751.5
49.3926315307617,47.1052627563477,8,1000,751.5
59.9368515014649,49.0789489746094,8,1000,751.5
74.0715789794922,51.0526313781738,8,1000,751.5
85.3936767578125,53.0263175964356,8,1000,751.5
85.8199996948242,55,8,1000,751.5
82.8000030517578,-20,10,1000,751.5
81.457893371582,-18.0263156890869,10,1000,751.5
85.1526336669922,-16.0526313781738,10,1000,751.5
90.4210510253906,-14.0789470672607,10,1000,751.5
94.3842086791992,-12.1052627563477,10,1000,751.5
94.3052673339844,-10.1315793991089,10,1000,751.5
93.636848449707,-8.1578950881958,10,1000,751.5
93.6105346679688,-6.18421030044556,10,1000,751.5
94.0526275634766,-4.21052646636963,10,1000,751.5
94.5684204101562,-2.23684215545654,10,1000,751.5
94.3315811157227,-0.263157904148102,10,1000,751.5
95.1210556030273,1.71052634716034,10,1000,751.5
95.6894836425781,3.68421053886414,10,1000,751.5
95.4789505004883,5.65789461135864,10,1000,751.5
94.3684234619141,7.63157892227173,10,1000,751.5
95.3947372436524,9.60526275634766,10,1000,751.5
95.6631546020508,11.5789470672607,10,1000,751.5
94.9842071533203,13.5526313781738,10,1000,751.5
93.5999908447266,15.5263156890869,10,1000,751.5
92.0999984741211,17.5,10,1000,751.5
91.8631591796875,19.4736843109131,10,1000,751.5
92.321044921875,21.4473686218262,10,1000,751.5
92.0736770629883,23.4210529327393,10,1000,751.5
91.315788269043,25.3947372436523,10,1000,751.5
92.8947448730469,27.3684215545654,10,1000,751.5
91.5263137817383,29.3421058654785,10,1000,751.5
87.5789489746094,31.3157901763916,10,1000,751.5
86.2684173583985,33.2894744873047,10,1000,751.5
90.9631500244141,35.2631568908691,10,1000,751.5
97.4368515014648,37.2368431091309,10,1000,751.5
91.3894805908203,39.2105255126953,10,1000,751.5
76.3578796386719,41.184211730957,10,1000,751.5
57.4368476867676,43.1578941345215,10,1000,751.5
40.9157867431641,45.1315803527832,10,1000,751.5
35.1526336669922,47.1052627563477,10,1000,751.5
40.8210601806641,49.0789489746094,10,1000,751.5
55.9157829284668,51.0526313781738,10,1000,751.5
74.1263198852539,53.0263175964356,10,1000,751.5
85.0999984741211,55,10,1000,751.5
84,-20,12,1000,751.5
84.0473785400391,-18.0263156890869,12,1000,751.5
87.5105285644531,-16.0526313781738,12,1000,751.5
91.0442047119141,-14.0789470672607,12,1000,751.5
92.670524597168,-12.1052627563477,12,1000,751.5
92.0231628417969,-10.1315793991089,12,1000,751.5
92.5547409057617,-8.1578950881958,12,1000,751.5
92.9705352783203,-6.18421030044556,12,1000,751.5
93.4126358032227,-4.21052646636963,12,1000,751.5
94.0547332763672,-2.23684215545654,12,1000,751.5
94.7652587890625,-0.263157904148102,12,1000,751.5
94.6410522460937,1.71052634716034,12,1000,751.5
94.9568481445313,3.68421053886414,12,1000,751.5
95.5252685546875,5.65789461135864,12,1000,751.5
95.7536849975586,7.63157892227173,12,1000,751.5
94.7589569091797,9.60526275634766,12,1000,751.5
94.5726318359375,11.5789470672607,12,1000,751.5
94.7399978637695,13.5526313781738,12,1000,751.5
94.7452621459961,15.5263156890869,12,1000,751.5
93.9400024414063,17.5,12,1000,751.5
95.5978927612305,19.4736843109131,12,1000,751.5
96.2368469238281,21.4473686218262,12,1000,751.5
95.7831573486328,23.4210529327393,12,1000,751.5
95.0505218505859,25.3947372436523,12,1000,751.5
96.503158569336,27.3684215545654,12,1000,751.5
91.5305252075195,29.3421058654785,12,1000,751.5
86.7200012207031,31.3157901763916,12,1000,751.5
86.7989501953125,33.2894744873047,12,1000,751.5
92.8747406005859,35.2631568908691,12,1000,751.5
93.285270690918,37.2368431091309,12,1000,751.5
87.6884307861328,39.2105255126953,12,1000,751.5
79.2631530761719,41.184211730957,12,1000,751.5
68.636848449707,43.1578941345215,12,1000,751.5
56.5705223083496,45.1315803527832,12,1000,751.5
50.4284248352051,47.1052627563477,12,1000,751.5
51.8778991699219,49.0789489746094,12,1000,751.5
60.5810470581055,51.0526313781738,12,1000,751.5
72.8042144775391,53.0263175964356,12,1000,751.5
81.8200073242188,55,12,1000,751.5
85.0800018310547,-20,14,1000,751.5
85.8063201904297,-18.0263156890869,14,1000,751.5
87.0073776245117,-16.0526313781738,14,1000,751.5
89.0589447021485,-14.0789470672607,14,1000,751.5
91.3894805908203,-12.1052627563477,14,1000,751.5
91.7368392944336,-10.1315793991089,14,1000,751.5
90.3452606201172,-8.1578950881958,14,1000,751.5
88.1242141723633,-6.18421030044556,14,1000,751.5
86.0178985595703,-4.21052646636963,14,1000,751.5
84.9199981689453,-2.23684215545654,14,1000,751.5
85.8200073242188,-0.263157904148102,14,1000,751.5
85.3789520263672,1.71052634716034,14,1000,751.5
85.0536880493164,3.68421053886414,14,1000,751.5
85.4694747924805,5.65789461135864,14,1000,751.5
86.6263122558594,7.63157892227173,14,1000,751.5
83.4210510253906,9.60526275634766,14,1000,751.5
79.7863159179688,11.5789470672607,14,1000,751.5
77.9642028808594,13.5526313781738,14,1000,751.5
78.0199966430664,15.5263156890869,14,1000,751.5
78.620002746582,17.5,14,1000,751.5
79.8515853881836,19.4736843109131,14,1000,751.5
79.3231658935547,21.4473686218262,14,1000,751.5
78.7294769287109,23.4210529327393,14,1000,751.5
79.0073699951172,25.3947372436523,14,1000,751.5
80.1442108154297,27.3684215545654,14,1000,751.5
75.3568420410156,29.3421058654785,14,1000,751.5
74.8305282592774,31.3157901763916,14,1000,751.5
78.4210510253906,33.2894744873047,14,1000,751.5
82.9789505004883,35.2631568908691,14,1000,751.5
76.5210571289063,37.2368431091309,14,1000,751.5
77.055793762207,39.2105255126953,14,1000,751.5
80.6936950683594,41.184211730957,14,1000,751.5
81.2515869140625,43.1578941345215,14,1000,751.5
72.983154296875,45.1315803527832,14,1000,751.5
65.2305297851563,47.1052627563477,14,1000,751.5
62.9347381591797,49.0789489746094,14,1000,751.5
65.8684234619141,51.0526313781738,14,1000,751.5
72.6852722167969,53.0263175964356,14,1000,751.5
80.8800048828125,55,14,1000,751.5
84.2399978637695,-20,16,1000,751.5
82.6294784545899,-18.0263156890869,16,1000,751.5
78.8536834716797,-16.0526313781738,16,1000,751.5
77.2968444824219,-14.0789470672607,16,1000,751.5
79.03369140625,-12.1052627563477,16,1000,751.5
80.2021026611328,-10.1315793991089,16,1000,751.5
76.6252593994141,-8.1578950881958,16,1000,751.5
72.3199996948242,-6.18421030044556,16,1000,751.5
68.5400009155273,-4.21052646636963,16,1000,751.5
66.2273635864258,-2.23684215545654,16,1000,751.5
66.4326324462891,-0.263157904148102,16,1000,751.5
66.0357894897461,1.71052634716034,16,1000,751.5
65.4326324462891,3.68421053886414,16,1000,751.5
65.2378921508789,5.65789461135864,16,1000,751.5
65.645263671875,7.63157892227173,16,1000,751.5
60.9242134094238,9.60526275634766,16,1000,751.5
55.1926345825195,11.5789470672607,16,1000,751.5
52.1894721984863,13.5526313781738,16,1000,751.5
52.3042106628418,15.5263156890869,16,1000,751.5
53.8199996948242,17.5,16,1000,751.5
53.4726333618164,19.4736843109131,16,1000,751.5
51.4578971862793,21.4473686218262,16,1000,751.5
50.2810516357422,23.4210529327393,16,1000,751.5
50.893684387207,25.3947372436523,16,1000,751.5
52.0621032714844,27.3684215545654,16,1000,751.5
49.9294738769531,29.3421058654785,16,1000,751.5
52.5821075439453,31.3157901763916,16,1000,751.5
57.4484252929688,33.2894744873047,16,1000,751.5
60.7136878967285,35.2631568908691,16,1000,751.5
56.4663124084473,37.2368431091309,16,1000,751.5
64.7126235961914,39.2105255126953,16,1000,751.5
74.9757995605469,41.184211730957,16,1000,751.5
78.1021118164063,43.1578941345215,16,1000,751.5
67.0168304443359,45.1315803527832,16,1000,751.5
58.5694808959961,47.1052627563477,16,1000,751.5
56.3115768432617,49.0789489746094,16,1000,751.5
58.7589454650879,51.0526313781738,16,1000,751.5
65.5989532470703,53.0263175964356,16,1000,751.5
76.9199981689453,55,16,1000,751.5
81.120002746582,-20,18,1000,751.5
74.1884231567383,-18.0263156890869,18,1000,751.5
63.435791015625,-16.0526313781738,18,1000,751.5
56.0021057128906,-14.0789470672607,18,1000,751.5
54.6189460754395,-12.1052627563477,18,1000,751.5
55.9136848449707,-10.1315793991089,18,1000,751.5
51.829475402832,-8.1578950881958,18,1000,751.5
47.6347351074219,-6.18421030044556,18,1000,751.5
44.2968444824219,-4.21052646636963,18,1000,751.5
42.2221069335938,-2.23684215545654,18,1000,751.5
41.3378944396973,-0.263157904148102,18,1000,751.5
41.1789474487305,1.71052634716034,18,1000,751.5
40.9894752502441,3.68421053886414,18,1000,751.5
40.4736862182617,5.65789461135864,18,1000,751.5
39.2378959655762,7.63157892227173,18,1000,751.5
34.4063148498535,9.60526275634766,18,1000,751.5
29.6378974914551,11.5789470672607,18,1000,751.5
27.5884208679199,13.5526313781738,18,1000,751.5
28.1821041107178,15.5263156890869,18,1000,751.5
29.5400009155273,17.5,18,1000,751.5
28.0873680114746,19.4736843109131,18,1000,751.5
25.708423614502,21.4473686218262,18,1000,751.5
24.0463180541992,23.4210529327393,18,1000,751.5
23.9578952789307,25.3947372436523,18,1000,751.5
25.3473701477051,27.3684215545654,18,1000,751.5
25.9705276489258,29.3421058654785,18,1000,751.5
27.9705276489258,31.3157901763916,18,1000,751.5
30.9515781402588,33.2894744873047,18,1000,751.5
34.7326278686523,35.2631568908691,18,1000,751.5
41.1273727416992,37.2368431091309,18,1000,751.5
53.5431518554688,39.2105255126953,18,1000,751.5
60.5663223266602,41.184211730957,18,1000,751.5
56.7979011535645,43.1578941345215,18,1000,751.5
40.5715751647949,45.1315803527832,18,1000,751.5
34.145263671875,47.1052627563477,18,1000,751.5
35.0073738098145,49.0789489746094,18,1000,751.5
40.5884246826172,51.0526313781738,18,1000,751.5
50.5021209716797,53.0263175964356,18,1000,751.5
65.3600006103516,55,18,1000,751.5
76.8000030517578,-20,20,1000,751.5
63.9315795898438,-18.0263156890869,20,1000,751.5
46.315788269043,-16.0526313781738,20,1000,751.5
32.8315773010254,-14.0789470672607,20,1000,751.5
27.6842098236084,-12.1052627563477,20,1000,751.5
29.1052646636963,-10.1315793991089,20,1000,751.5
27.2105255126953,-8.1578950881958,20,1000,751.5
24.9736843109131,-6.18421030044556,20,1000,751.5
23.2526321411133,-4.21052646636963,20,1000,751.5
22.331579208374,-2.23684215545654,20,1000,751.5
21.0684204101563,-0.263157904148102,20,1000,751.5
21.2421035766602,1.71052634716034,20,1000,751.5
22.0631580352783,3.68421053886414,20,1000,751.5
22.5368423461914,5.65789461135864,20,1000,751.5
21.6000003814697,7.63157892227173,20,1000,751.5
18.6000003814697,9.60526275634766,20,1000,751.5
16.9263153076172,11.5789470672607,20,1000,751.5
16.9736824035645,13.5526313781738,20,1000,751.5
17.9421043395996,15.5263156890869,20,1000,751.5
18.1000003814697,17.5,20,1000,751.5
18.1000003814697,19.4736843109131,20,1000,751.5
18.331579208374,21.4473686218262,20,1000,751.5
17.8736839294434,23.4210529327393,20,1000,751.5
16.9894733428955,25.3947372436523,20,1000,751.5
17.9368419647217,27.3684215545654,20,1000,751.5
18,29.3421058654785,20,1000,751.5
16.315788269043,31.3157901763916,20,1000,751.5
16.7578964233398,33.2894744873047,20,1000,751.5
22.9052562713623,35.2631568908691,20,1000,751.5
37.1947441101074,37.2368431091309,20,1000,751.5
44.0947341918945,39.2105255126953,20,1000,751.5
40.0526275634766,41.184211730957,20,1000,751.5
29.7368469238281,43.1578941345215,20,1000,751.5
20.5842094421387,45.1315803527832,20,1000,751.5
20.3473682403564,47.1052627563477,20,1000,751.5
22.7000026702881,49.0789489746094,20,1000,751.5
27.0473670959473,51.0526313781738,20,1000,751.5
33.4789543151856,53.0263175964356,20,1000,751.5
42.4000015258789,55,20,1000,751.5
76.7200012207031,-20,22,1000,751.5
66.7568359375,-18.0263156890869,22,1000,751.5
46.812629699707,-16.0526313781738,22,1000,751.5
29.4505233764648,-14.0789470672607,22,1000,751.5
21.018949508667,-12.1052627563477,22,1000,751.5
19.9136848449707,-10.1315793991089,22,1000,751.5
17.9094734191895,-8.1578950881958,22,1000,751.5
16.1147384643555,-6.18421030044556,22,1000,751.5
15.0757904052734,-4.21052646636963,22,1000,751.5
14.954737663269,-2.23684215545654,22,1000,751.5
14.7652626037598,-0.263157904148102,22,1000,751.5
15.1915788650513,1.71052634716034,22,1000,751.5
16.1389484405518,3.68421053886414,22,1000,751.5
17.2021064758301,5.65789461135864,22,1000,751.5
17.8147373199463,7.63157892227173,22,1000,751.5
16.8357887268066,9.60526275634766,22,1000,751.5
16.5768432617188,11.5789470672607,22,1000,751.5
17.6178932189941,13.5526313781738,22,1000,751.5
19.1252632141113,15.5263156890869,22,1000,751.5
19.2200012207031,17.5,22,1000,751.5
19.7252635955811,19.4736843109131,22,1000,751.5
20.8326320648193,21.4473686218262,22,1000,751.5
21.0315799713135,23.4210529327393,22,1000,751.5
20.5010547637939,25.3947372436523,22,1000,751.5
22.2063159942627,27.3684215545654,22,1000,751.5
21.2589492797852,29.3421058654785,22,1000,751.5
18.6484184265137,31.3157901763916,22,1000,751.5
20.4168453216553,33.2894744873047,22,1000,751.5
30.1684150695801,35.2631568908691,22,1000,751.5
41.931583404541,37.2368431091309,22,1000,751.5
37.4378967285156,39.2105255126953,22,1000,751.5
27.2315731048584,41.184211730957,22,1000,751.5
18.1368446350098,43.1578941345215,22,1000,751.5
15.7378959655762,45.1315803527832,22,1000,751.5
16.0063152313232,47.1052627563477,22,1000,751.5
17.7526321411133,49.0789489746094,22,1000,751.5
21.0810508728027,51.0526313781738,22,1000,751.5
25.5336875915527,53.0263175964356,22,1000,751.5
30.1599998474121,55,22,1000,751.5
76.7600021362305,-20,24,1000,751.5
73.2547378540039,-18.0263156890869,24,1000,751.5
58.7726287841797,-16.0526313781738,24,1000,751.5
41.5810508728027,-14.0789470672607,24,1000,751.5
27.4494724273682,-12.1052627563477,24,1000,751.5
19.6968421936035,-10.1315793991089,24,1000,751.5
15.0536851882935,-8.1578950881958,24,1000,751.5
12.3273687362671,-6.18421030044556,24,1000,751.5
11.1747379302979,-4.21052646636963,24,1000,751.5
11.2315807342529,-2.23684215545654,24,1000,751.5
12.0684213638306,-0.263157904148102,24,1000,751.5
13.3568420410156,1.71052634716034,24,1000,751.5
14.6578950881958,3.68421053886414,24,1000,751.5
16.0263156890869,5.65789461135864,24,1000,751.5
17.5157890319824,7.63157892227173,24,1000,751.5
17.7526302337647,9.60526275634766,24,1000,751.5
17.9515800476074,11.5789470672607,24,1000,751.5
19.168420791626,13.5526313781738,24,1000,751.5
20.829475402832,15.5263156890869,24,1000,751.5
21.2400016784668,17.5,24,1000,751.5
21.3031578063965,19.4736843109131,24,1000,751.5
21.6789493560791,21.4473686218262,24,1000,751.5
21.8810539245606,23.4210529327393,24,1000,751.5
22.2821063995361,25.3947372436523,24,1000,751.5
24.792631149292,27.3684215545654,24,1000,751.5
23.854736328125,29.3421058654785,24,1000,751.5
22.0705261230469,31.3157901763916,24,1000,751.5
24.1610565185547,33.2894744873047,24,1000,751.5
32.0631561279297,35.2631568908691,24,1000,751.5
37.0368461608887,37.2368431091309,24,1000,751.5
29.120002746582,39.2105255126953,24,1000,751.5
20.527364730835,41.184211730957,24,1000,751.5
15.4010534286499,43.1578941345215,24,1000,751.5
15.4642114639282,45.1315803527832,24,1000,751.5
15.5273685455322,47.1052627563477,24,1000,751.5
18.078950881958,49.0789489746094,24,1000,751.5
21.5726318359375,51.0526313781738,24,1000,751.5
24.9463157653809,53.0263175964356,24,1000,751.5
27.2200012207031,55,24,1000,751.5
75.4000015258789,-20,26,1000,751.5
77.54736328125,-18.0263156890869,26,1000,751.5
72.8863143920898,-16.0526313781738,26,1000,751.5
60.5620994567871,-14.0789470672607,26,1000,751.5
42.6599922180176,-12.1052627563477,26,1000,751.5
26.1600036621094,-10.1315793991089,26,1000,751.5
16.6010551452637,-8.1578950881958,26,1000,751.5
11.7168416976929,-6.18421030044556,26,1000,751.5
9.96421051025391,-4.21052646636963,26,1000,751.5
9.9242115020752,-2.23684215545654,26,1000,751.5
10.8557891845703,-0.263157904148102,26,1000,751.5
12.375789642334,1.71052634716034,26,1000,751.5
14.0242109298706,3.68421053886414,26,1000,751.5
15.855788230896,5.65789461135864,26,1000,751.5
17.9242095947266,7.63157892227173,26,1000,751.5
18.8873691558838,9.60526275634766,26,1000,751.5
19.686315536499,11.5789470672607,26,1000,751.5
21.437894821167,13.5526313781738,26,1000,751.5
23.7473678588867,15.5263156890869,26,1000,751.5
25.2000007629395,17.5,26,1000,751.5
24.8526306152344,19.4736843109131,26,1000,751.5
24.1231575012207,21.4473686218262,26,1000,751.5
23.895788192749,23.4210529327393,26,1000,751.5
24.9221057891846,25.3947372436523,26,1000,751.5
28.0326309204102,27.3684215545654,26,1000,751.5
28.1957893371582,29.3421058654785,26,1000,751.5
27.5273685455322,31.3157901763916,26,1000,751.5
28.1463165283203,33.2894744873047,26,1000,751.5
30.4547386169434,35.2631568908691,26,1000,751.5
28.16526222229,37.2368431091309,26,1000,751.5
21.4968452453613,39.2105255126953,26,1000,751.5
17.0157890319824,41.184211730957,26,1000,751.5
15.4578952789307,43.1578941345215,26,1000,751.5
16.0031585693359,45.1315803527832,26,1000,751.5
17.5505256652832,47.1052627563477,26,1000,751.5
20.8284225463867,49.0789489746094,26,1000,751.5
23.6968402862549,51.0526313781738,26,1000,751.5
25.0831565856934,53.0263175964356,26,1000,751.5
24.4200019836426,55,26,1000,751.5
73.7600021362305,-20,28,1000,751.5
77.2021026611328,-18.0263156890869,28,1000,751.5
81.5126342773438,-16.0526313781738,28,1000,751.5
77.3336791992188,-14.0789470672607,28,1000,751.5
61.2852592468262,-12.1052627563477,28,1000,751.5
38.0115814208984,-10.1315793991089,28,1000,751.5
21.7378959655762,-8.1578950881958,28,1000,751.5
13.2378940582275,-6.18421030044556,28,1000,751.5
10.2442111968994,-4.21052646636963,28,1000,751.5
10.1199998855591,-2.23684215545654,28,1000,751.5
10.4200000762939,-0.263157904148102,28,1000,751.5
11.3631582260132,1.71052634716034,28,1000,751.5
13.1536846160889,3.68421053886414,28,1000,751.5
15.4589471817017,5.65789461135864,28,1000,751.5
17.7389469146729,7.63157892227173,28,1000,751.5
19.2231578826904,9.60526275634766,28,1000,751.5
21.730525970459,11.5789470672607,28,1000,751.5
25.5968399047852,13.5526313781738,28,1000,751.5
30.062105178833,15.5263156890869,28,1000,751.5
33.5200004577637,17.5,28,1000,751.5
33.0305290222168,19.4736843109131,28,1000,751.5
30.9663181304932,21.4473686218262,28,1000,751.5
29.6336822509766,23.4210529327393,28,1000,751.5
30.5305252075195,25.3947372436523,28,1000,751.5
34.3831596374512,27.3684215545654,28,1000,751.5
36.9978942871094,29.3421058654785,28,1000,751.5
37.5978927612305,31.3157901763916,28,1000,751.5
35.7252616882324,33.2894744873047,28,1000,751.5
31.0368461608887,35.2631568908691,28,1000,751.5
22.7631530761719,37.2368431091309,28,1000,751.5
18.0473690032959,39.2105255126953,28,1000,751.5
16.0294742584229,41.184211730957,28,1000,751.5
15.6189479827881,43.1578941345215,28,1000,751.5
15.8189506530762,45.1315803527832,28,1000,751.5
19.7031555175781,47.1052627563477,28,1000,751.5
22.9052658081055,49.0789489746094,28,1000,751.5
23.5452613830566,51.0526313781738,28,1000,751.5
21.6210479736328,53.0263175964356,28,1000,751.5
18.3999996185303,55,28,1000,751.5
75.5999984741211,-20,30,1000,751.5
73.2315826416016,-18.0263156890869,30,1000,751.5
78.6789474487305,-16.0526313781738,30,1000,751.5
82.4368362426758,-14.0789470672607,30,1000,751.5
76.910530090332,-12.1052627563477,30,1000,751.5
54.9631614685059,-10.1315793991089,30,1000,751.5
30.8789520263672,-8.1578950881958,30,1000,751.5
16.6947364807129,-6.18421030044556,30,1000,751.5
11.1999998092651,-4.21052646636963,30,1000,751.5
11.2315797805786,-2.23684215545654,30,1000,751.5
11.4684209823608,-0.263157904148102,30,1000,751.5
11.9105262756348,1.71052634716034,30,1000,751.5
13.4736843109131,3.68421053886414,30,1000,751.5
15.5263156890869,5.65789461135864,30,1000,751.5
17.1368408203125,7.63157892227173,30,1000,751.5
19.189474105835,9.60526275634766,30,1000,751.5
25.3473682403564,11.5789470672607,30,1000,751.5
34.1736831665039,13.5526313781738,30,1000,751.5
43.4473686218262,15.5263156890869,30,1000,751.5
50,17.5,30,1000,751.5
49.1315803527832,19.4736843109131,30,1000,751.5
44.5578956604004,21.4473686218262,30,1000,751.5
40.7368392944336,23.4210529327393,30,1000,751.5
40.7368392944336,25.3947372436523,30,1000,751.5
46.4210510253906,27.3684215545654,30,1000,751.5
53.2842102050781,29.3421058654785,30,1000,751.5
56.4947357177734,31.3157901763916,30,1000,751.5
53.4473609924316,33.2894744873047,30,1000,751.5
43.3315849304199,35.2631568908691,30,1000,751.5
30.0684146881104,37.2368431091309,30,1000,751.5
23.3736877441406,39.2105255126953,30,1000,751.5
19.1578941345215,41.184211730957,30,1000,751.5
16.5789470672607,43.1578941345215,30,1000,751.5
15.600001335144,45.1315803527832,30,1000,751.5
18.6000003814697,47.1052627563477,30,1000,751.5
20.9684219360352,49.0789489746094,30,1000,751.5
18.1263160705566,51.0526313781738,30,1000,751.5
12.5473680496216,53.0263175964356,30,1000,751.5
11.6000003814697,55,30,1000,751.5
80.7200012207031,-20,32,1000,751.5
77.2778930664063,-18.0263156890869,32,1000,751.5
78.5947418212891,-16.0526313781738,32,1000,751.5
81.8557891845703,-14.0789470672607,32,1000,751.5
82.4431533813477,-12.1052627563477,32,1000,751.5
71.3589553833008,-10.1315793991089,32,1000,751.5
47.7631645202637,-8.1578950881958,32,1000,751.5
30.0421047210693,-6.18421030044556,32,1000,751.5
20.1515808105469,-4.21052646636963,32,1000,751.5
17.2231597900391,-2.23684215545654,32,1000,751.5
16.1968421936035,-0.263157904148102,32,1000,751.5
15.375789642334,1.71052634716034,32,1000,751.5
15.8652648925781,3.68421053886414,32,1000,751.5
17.6863174438477,5.65789461135864,32,1000,751.5
20.6989479064941,7.63157892227173,32,1000,751.5
26.9831562042236,9.60526275634766,32,1000,751.5
37.7768402099609,11.5789470672607,32,1000,751.5
49.184211730957,13.5526313781738,32,1000,751.5
58.2431564331055,15.5263156890869,32,1000,751.5
62.0799980163574,17.5,32,1000,751.5
64.1800003051758,19.4736843109131,32,1000,751.5
62.0652618408203,21.4473686218262,32,1000,751.5
60.2821044921875,23.4210529327393,32,1000,751.5
61.747371673584,25.3947372436523,32,1000,751.5
67.684211730957,27.3684215545654,32,1000,751.5
74.2694778442383,29.3421058654785,32,1000,751.5
79.1852645874024,31.3157901763916,32,1000,751.5
77.4389343261719,33.2894744873047,32,1000,751.5
65.8200073242188,35.2631568908691,32,1000,751.5
46.6199913024902,37.2368431091309,32,1000,751.5
32.4010620117188,39.2105255126953,32,1000,751.5
23.0315761566162,41.184211730957,32,1000,751.5
17.5684223175049,43.1578941345215,32,1000,751.5
14.7157897949219,45.1315803527832,32,1000,751.5
15.2526321411133,47.1052627563477,32,1000,751.5
14.75368309021,49.0789489746094,32,1000,751.5
12.9852628707886,51.0526313781738,32,1000,751.5
12.4379005432129,53.0263175964356,32,1000,751.5
17.6800003051758,55,32,1000,751.5
83.0200042724609,-20,34,1000,751.5
82.1989440917969,-18.0263156890869,34,1000,751.5
81.204216003418,-16.0526313781738,34,1000,751.5
82.5631561279297,-14.0789470672607,34,1000,751.5
85.3042144775391,-12.1052627563477,34,1000,751.5
82.5252685546875,-10.1315793991089,34,1000,751.5
64.4642181396484,-8.1578950881958,34,1000,751.5
47.311580657959,-6.18421030044556,34,1000,751.5
35.5357933044434,-4.21052646636963,34,1000,751.5
30.8221054077148,-2.23684215545654,34,1000,751.5
29.3378944396973,-0.263157904148102,34,1000,751.5
27.1147384643555,1.71052634716034,34,1000,751.5
25.9905281066895,3.68421053886414,34,1000,751.5
27.1536865234375,5.65789461135864,34,1000,751.5
31.5842113494873,7.63157892227173,34,1000,751.5
40.3473663330078,9.60526275634766,34,1000,751.5
50.4621047973633,11.5789470672607,34,1000,751.5
60.1147384643555,13.5526313781738,34,1000,751.5
67.7115783691406,15.5263156890869,34,1000,751.5
71.5800018310547,17.5,34,1000,751.5
70.6326370239258,19.4736843109131,34,1000,751.5
69.1642150878906,21.4473686218262,34,1000,751.5
69.1126251220703,23.4210529327393,34,1000,751.5
71.1621017456055,25.3947372436523,34,1000,751.5
74.2726287841797,27.3684215545654,34,1000,751.5
75.9978942871094,29.3421058654785,34,1000,751.5
80.4242095947266,31.3157901763916,34,1000,751.5
82.0063095092774,33.2894744873047,34,1000,751.5
75.1779098510742,35.2631568908691,34,1000,751.5
55.0620956420899,37.2368431091309,34,1000,751.5
36.9852714538574,39.2105255126953,34,1000,751.5
25.2094707489014,41.184211730957,34,1000,751.5
18.8515815734863,43.1578941345215,34,1000,751.5
15.5873680114746,45.1315803527832,34,1000,751.5
15.6978960037231,47.1052627563477,34,1000,751.5
18.0821075439453,49.0789489746094,34,1000,751.5
19.1147384643555,51.0526313781738,34,1000,751.5
18.4421043395996,53.0263175964356,34,1000,751.5
17.7000007629395,55,34,1000,751.5
83.2200012207031,-20,36,1000,751.5
84.5778961181641,-18.0263156890869,36,1000,751.5
83.6315765380859,-16.0526313781738,36,1000,751.5
84.1757888793945,-14.0789470672607,36,1000,751.5
86.6263198852539,-12.1052627563477,36,1000,751.5
86.0578994750977,-10.1315793991089,36,1000,751.5
70.6789474487305,-8.1578950881958,36,1000,751.5
55.5052642822266,-6.18421030044556,36,1000,751.5
45.8578948974609,-4.21052646636963,36,1000,751.5
44.2852630615234,-2.23684215545654,36,1000,751.5
47.4747352600098,-0.263157904148102,36,1000,751.5
47.6263122558594,1.71052634716034,36,1000,751.5
47.0831604003906,3.68421053886414,36,1000,751.5
47.5410537719727,5.65789461135864,36,1000,751.5
50.5189476013184,7.63157892227173,36,1000,751.5
56.5031585693359,9.60526275634766,36,1000,751.5
62.1968421936035,11.5789470672607,36,1000,751.5
66.5799942016602,13.5526313781738,36,1000,751.5
68.9031600952148,15.5263156890869,36,1000,751.5
68.5400009155273,17.5,36,1000,751.5
66.3926315307617,19.4736843109131,36,1000,751.5
65.7389526367188,21.4473686218262,36,1000,751.5
66.6747360229492,23.4210529327393,36,1000,751.5
68.2568435668945,25.3947372436523,36,1000,751.5
67.6410446166992,27.3684215545654,36,1000,751.5
65.0800018310547,29.3421058654785,36,1000,751.5
67.6642150878906,31.3157901763916,36,1000,751.5
70.8315734863281,33.2894744873047,36,1000,751.5
68.7694854736328,35.2631568908691,36,1000,751.5
52.7905197143555,37.2368431091309,36,1000,751.5
37.0989532470703,39.2105255126953,36,1000,751.5
27.2115745544434,41.184211730957,36,1000,751.5
22.6536846160889,43.1578941345215,36,1000,751.5
21.5178966522217,45.1315803527832,36,1000,751.5
26.5863132476807,47.1052627563477,36,1000,751.5
34.7621116638184,49.0789489746094,36,1000,751.5
36.4052619934082,51.0526313781738,36,1000,751.5
29.9684104919434,53.0263175964356,36,1000,751.5
18.9000015258789,55,36,1000,751.5
82.3399963378906,-20,38,1000,751.5
83.8242111206055,-18.0263156890869,38,1000,751.5
84.5905303955078,-16.0526313781738,38,1000,751.5
86.1715774536133,-14.0789470672607,38,1000,751.5
87.6399993896484,-12.1052627563477,38,1000,751.5
83.739990234375,-10.1315793991089,38,1000,751.5
66.5326309204102,-8.1578950881958,38,1000,751.5
53.0484161376953,-6.18421030044556,38,1000,751.5
48.0715789794922,-4.21052646636963,38,1000,751.5
53.2347373962402,-2.23684215545654,38,1000,751.5
64.145263671875,-0.263157904148102,38,1000,751.5
68.1999969482422,1.71052634716034,38,1000,751.5
67.8368377685547,3.68421053886414,38,1000,751.5
66.8105239868164,5.65789461135864,38,1000,751.5
68.9000091552734,7.63157892227173,38,1000,751.5
70.3999938964844,9.60526275634766,38,1000,751.5
70.4220962524414,11.5789470672607,38,1000,751.5
68.441047668457,13.5526313781738,38,1000,751.5
64.2642135620117,15.5263156890869,38,1000,751.5
57.9799995422363,17.5,38,1000,751.5
57.7431564331055,19.4736843109131,38,1000,751.5
58.0273666381836,21.4473686218262,38,1000,751.5
58.9799957275391,23.4210529327393,38,1000,751.5
59.6873664855957,25.3947372436523,38,1000,751.5
57.2242088317871,27.3684215545654,38,1000,751.5
53.9505233764649,29.3421058654785,38,1000,751.5
54.5663146972656,31.3157901763916,38,1000,751.5
56.4421043395996,33.2894744873047,38,1000,751.5
55.9505310058594,35.2631568908691,38,1000,751.5
47.0294723510742,37.2368431091309,38,1000,751.5
38.8336868286133,39.2105255126953,38,1000,751.5
34.0273666381836,41.184211730957,38,1000,751.5
32.2747344970703,43.1578941345215,38,1000,751.5
32.9389572143555,45.1315803527832,38,1000,751.5
43.1231536865234,47.1052627563477,38,1000,751.5
53.2568511962891,49.0789489746094,38,1000,751.5
51.1926345825195,51.0526313781738,38,1000,751.5
37.7336692810059,53.0263175964356,38,1000,751.5
22.2600002288818,55,38,1000,751.5
81.6999969482422,-20,40,1000,751.5
82.1736831665039,-18.0263156890869,40,1000,751.5
84.3842163085938,-16.0526313781738,40,1000,751.5
87.8894729614258,-14.0789470672607,40,1000,751.5
89.6736907958984,-12.1052627563477,40,1000,751.5
81.542106628418,-10.1315793991089,40,1000,751.5
62.5789489746094,-8.1578950881958,40,1000,751.5
49.7894744873047,-6.18421030044556,40,1000,751.5
47.5789489746094,-4.21052646636963,40,1000,751.5
56.6578979492188,-2.23684215545654,40,1000,751.5
69.8421020507813,-0.263157904148102,40,1000,751.5
70.9157867431641,1.71052634716034,40,1000,751.5
62.4052619934082,3.68421053886414,40,1000,751.5
57.273681640625,5.65789461135864,40,1000,751.5
68.7947387695313,7.63157892227173,40,1000,751.5
74.7157897949219,9.60526275634766,40,1000,751.5
71.226318359375,11.5789470672607,40,1000,751.5
65.8052597045899,13.5526313781738,40,1000,751.5
61.6368408203125,15.5263156890869,40,1000,751.5
59.9000015258789,17.5,40,1000,751.5
59.3473663330078,19.4736843109131,40,1000,751.5
58.6210556030274,21.4473686218262,40,1000,751.5
58.6052627563477,23.4210529327393,40,1000,751.5
59.4894714355469,25.3947372436523,40,1000,751.5
60.4368438720703,27.3684215545654,40,1000,751.5
60.8684234619141,29.3421058654785,40,1000,751.5
61,31.3157901763916,40,1000,751.5
60.2105255126953,33.2894744873047,40,1000,751.5
58.0684242248535,35.2631568908691,40,1000,751.5
54.8315773010254,37.2368431091309,40,1000,751.5
54.4000015258789,39.2105255126953,40,1000,751.5
54.1157913208008,41.184211730957,40,1000,751.5
52.0894737243652,43.1578941345215,40,1000,751.5
47.4105262756348,45.1315803527832,40,1000,751.5
49.0684242248535,47.1052627563477,40,1000,751.5
46.6842079162598,49.0789489746094,40,1000,751.5
36.2578926086426,51.0526313781738,40,1000,751.5
23.7631568908691,53.0263175964356,40,1000,751.5
22.5,55,40,1000,751.5
