temp,X,Y,T
11.7462091445923,-20,-40,751.5
11.6558609008789,-18.0263156890869,-40,751.5
11.6441631317139,-16.0526313781738,-40,751.5
11.348072052002,-14.0789470672607,-40,751.5
11.0731039047241,-12.1052627563477,-40,751.5
10.9807605743408,-10.1315793991089,-40,751.5
10.9678916931152,-8.1578950881958,-40,751.5
10.7310771942139,-6.18421030044556,-40,751.5
10.5842971801758,-4.21052646636963,-40,751.5
10.9890956878662,-2.23684215545654,-40,751.5
11.3301105499268,-0.263157904148102,-40,751.5
11.4970798492432,1.71052634716034,-40,751.5
11.2344512939453,3.68421053886414,-40,751.5
11.2685031890869,5.65789461135864,-40,751.5
12.0683851242065,7.63157892227173,-40,751.5
12.2231664657593,9.60526275634766,-40,751.5
12.5827379226685,11.5789470672607,-40,751.5
13.4163904190063,13.5526313781738,-40,751.5
14.5366287231445,15.5263156890869,-40,751.5
15.047435760498,17.5,-40,751.5
15.3483581542969,19.4736843109131,-40,751.5
16.2003364562988,21.4473686218262,-40,751.5
16.6261405944824,23.4210529327393,-40,751.5
15.0625782012939,25.3947372436523,-40,751.5
13.4277753829956,27.3684215545654,-40,751.5
13.7172946929932,29.3421058654785,-40,751.5
14.5590991973877,31.3157901763916,-40,751.5
14.6067409515381,33.2894744873047,-40,751.5
14.767539024353,35.2631568908691,-40,751.5
14.6038522720337,37.2368431091309,-40,751.5
13.916618347168,39.2105255126953,-40,751.5
14.297700881958,41.184211730957,-40,751.5
15.0444583892822,43.1578941345215,-40,751.5
15.3155488967896,45.1315803527832,-40,751.5
14.5893268585205,47.1052627563477,-40,751.5
13.5480585098267,49.0789489746094,-40,751.5
13.8163709640503,51.0526313781738,-40,751.5
14.2641983032227,53.0263175964356,-40,751.5
14.3727722167969,55,-40,751.5
12.9918146133423,-20,-38,751.5
12.9381694793701,-18.0263156890869,-38,751.5
12.7585945129395,-16.0526313781738,-38,751.5
12.5942630767822,-14.0789470672607,-38,751.5
12.4494495391846,-12.1052627563477,-38,751.5
12.4145278930664,-10.1315793991089,-38,751.5
12.2338905334473,-8.1578950881958,-38,751.5
11.8884983062744,-6.18421030044556,-38,751.5
12.1026935577393,-4.21052646636963,-38,751.5
12.7070255279541,-2.23684215545654,-38,751.5
12.9753265380859,-0.263157904148102,-38,751.5
13.2011566162109,1.71052634716034,-38,751.5
12.9011039733887,3.68421053886414,-38,751.5
13.055006980896,5.65789461135864,-38,751.5
14.1236600875855,7.63157892227173,-38,751.5
14.2032470703125,9.60526275634766,-38,751.5
14.5368337631226,11.5789470672607,-38,751.5
15.0353155136108,13.5526313781738,-38,751.5
15.7516031265259,15.5263156890869,-38,751.5
16.4561004638672,17.5,-38,751.5
17.1036510467529,19.4736843109131,-38,751.5
17.9158191680908,21.4473686218262,-38,751.5
18.3009357452393,23.4210529327393,-38,751.5
17.1589221954346,25.3947372436523,-38,751.5
15.7200527191162,27.3684215545654,-38,751.5
15.7751960754395,29.3421058654785,-38,751.5
16.5172576904297,31.3157901763916,-38,751.5
16.8840827941895,33.2894744873047,-38,751.5
17.1931209564209,35.2631568908691,-38,751.5
17.1372013092041,37.2368431091309,-38,751.5
16.5836944580078,39.2105255126953,-38,751.5
16.62619972229,41.184211730957,-38,751.5
16.9304599761963,43.1578941345215,-38,751.5
16.8711357116699,45.1315803527832,-38,751.5
16.2882556915283,47.1052627563477,-38,751.5
15.606761932373,49.0789489746094,-38,751.5
15.6761569976807,51.0526313781738,-38,751.5
15.7354526519775,53.0263175964356,-38,751.5
15.322585105896,55,-38,751.5
14.3582248687744,-20,-36,751.5
14.3670511245728,-18.0263156890869,-36,751.5
14.3860912322998,-16.0526313781738,-36,751.5
14.543909072876,-14.0789470672607,-36,751.5
14.4582481384277,-12.1052627563477,-36,751.5
14.4063129425049,-10.1315793991089,-36,751.5
14.1276702880859,-8.1578950881958,-36,751.5
13.7480068206787,-6.18421030044556,-36,751.5
13.8656873703003,-4.21052646636963,-36,751.5
14.2354402542114,-2.23684215545654,-36,751.5
14.2973537445068,-0.263157904148102,-36,751.5
14.4836053848267,1.71052634716034,-36,751.5
14.6192255020142,3.68421053886414,-36,751.5
14.7096490859985,5.65789461135864,-36,751.5
15.2968769073486,7.63157892227173,-36,751.5
15.5946655273438,9.60526275634766,-36,751.5
15.7256002426147,11.5789470672607,-36,751.5
15.6753635406494,13.5526313781738,-36,751.5
15.6753511428833,15.5263156890869,-36,751.5
16.0809230804443,17.5,-36,751.5
16.4281787872314,19.4736843109131,-36,751.5
17.2081413269043,21.4473686218262,-36,751.5
18.6018257141113,23.4210529327393,-36,751.5
19.1604919433594,25.3947372436523,-36,751.5
18.8757076263428,27.3684215545654,-36,751.5
18.5941410064697,29.3421058654785,-36,751.5
18.3656330108643,31.3157901763916,-36,751.5
18.0191841125488,33.2894744873047,-36,751.5
17.9689559936523,35.2631568908691,-36,751.5
18.2768955230713,37.2368431091309,-36,751.5
18.0939750671387,39.2105255126953,-36,751.5
17.3694458007813,41.184211730957,-36,751.5
17.0245323181152,43.1578941345215,-36,751.5
17.0448513031006,45.1315803527832,-36,751.5
16.8997898101807,47.1052627563477,-36,751.5
16.5123958587647,49.0789489746094,-36,751.5
16.3720626831055,51.0526313781738,-36,751.5
16.2272205352783,53.0263175964356,-36,751.5
15.7085285186768,55,-36,751.5
15.77614402771,-20,-34,751.5
15.9971294403076,-18.0263156890869,-34,751.5
16.1210861206055,-16.0526313781738,-34,751.5
16.0979099273682,-14.0789470672607,-34,751.5
15.9492769241333,-12.1052627563477,-34,751.5
16.0295486450195,-10.1315793991089,-34,751.5
15.9119834899902,-8.1578950881958,-34,751.5
15.7306861877441,-6.18421030044556,-34,751.5
15.6365413665771,-4.21052646636963,-34,751.5
15.5237703323364,-2.23684215545654,-34,751.5
15.4668827056885,-0.263157904148102,-34,751.5
15.6760187149048,1.71052634716034,-34,751.5
15.9533882141113,3.68421053886414,-34,751.5
15.8506946563721,5.65789461135864,-34,751.5
15.7482995986938,7.63157892227173,-34,751.5
15.9421129226685,9.60526275634766,-34,751.5
15.9387369155884,11.5789470672607,-34,751.5
15.7810192108154,13.5526313781738,-34,751.5
15.5456666946411,15.5263156890869,-34,751.5
14.5223770141602,17.5,-34,751.5
12.5854988098145,19.4736843109131,-34,751.5
12.0626602172852,21.4473686218262,-34,751.5
13.0733470916748,23.4210529327393,-34,751.5
14.7601566314697,25.3947372436523,-34,751.5
17.6637725830078,27.3684215545654,-34,751.5
19.5186634063721,29.3421058654785,-34,751.5
19.7977561950684,31.3157901763916,-34,751.5
19.3088569641113,33.2894744873047,-34,751.5
18.8718605041504,35.2631568908691,-34,751.5
19.0918445587158,37.2368431091309,-34,751.5
19.0474910736084,39.2105255126953,-34,751.5
18.3178634643555,41.184211730957,-34,751.5
17.6669826507568,43.1578941345215,-34,751.5
17.5986156463623,45.1315803527832,-34,751.5
17.5485763549805,47.1052627563477,-34,751.5
17.1315879821777,49.0789489746094,-34,751.5
16.8149604797363,51.0526313781738,-34,751.5
16.839038848877,53.0263175964356,-34,751.5
16.6241817474365,55,-34,751.5
17.0233764648438,-20,-32,751.5
17.3207149505615,-18.0263156890869,-32,751.5
17.370397567749,-16.0526313781738,-32,751.5
17.0622272491455,-14.0789470672607,-32,751.5
16.8557205200195,-12.1052627563477,-32,751.5
16.8814582824707,-10.1315793991089,-32,751.5
16.8781623840332,-8.1578950881958,-32,751.5
16.8970737457275,-6.18421030044556,-32,751.5
17.003490447998,-4.21052646636963,-32,751.5
16.8311100006104,-2.23684215545654,-32,751.5
16.7328147888184,-0.263157904148102,-32,751.5
16.6746101379395,1.71052634716034,-32,751.5
16.5415859222412,3.68421053886414,-32,751.5
16.4228553771973,5.65789461135864,-32,751.5
16.1847267150879,7.63157892227173,-32,751.5
16.026782989502,9.60526275634766,-32,751.5
15.9478454589844,11.5789470672607,-32,751.5
15.8824729919434,13.5526313781738,-32,751.5
15.3495140075684,15.5263156890869,-32,751.5
13.2585582733154,17.5,-32,751.5
10.1513252258301,19.4736843109131,-32,751.5
8.23442649841309,21.4473686218262,-32,751.5
8.26022338867188,23.4210529327393,-32,751.5
9.34941005706787,25.3947372436523,-32,751.5
12.0149345397949,27.3684215545654,-32,751.5
16.6611003875732,29.3421058654785,-32,751.5
20.1337547302246,31.3157901763916,-32,751.5
21.0893096923828,33.2894744873047,-32,751.5
20.4166774749756,35.2631568908691,-32,751.5
19.6208190917969,37.2368431091309,-32,751.5
19.7132587432861,39.2105255126953,-32,751.5
19.7538261413574,41.184211730957,-32,751.5
18.9345684051514,43.1578941345215,-32,751.5
18.6967086791992,45.1315803527832,-32,751.5
18.536075592041,47.1052627563477,-32,751.5
18.1227321624756,49.0789489746094,-32,751.5
18.1210823059082,51.0526313781738,-32,751.5
18.4413566589355,53.0263175964356,-32,751.5
18.2585315704346,55,-32,751.5
18.2288970947266,-20,-30,751.5
18.4806652069092,-18.0263156890869,-30,751.5
18.3798294067383,-16.0526313781738,-30,751.5
18.0603408813477,-14.0789470672607,-30,751.5
17.9166717529297,-12.1052627563477,-30,751.5
17.8966636657715,-10.1315793991089,-30,751.5
17.9160957336426,-8.1578950881958,-30,751.5
17.8135147094727,-6.18421030044556,-30,751.5
17.6881771087647,-4.21052646636963,-30,751.5
17.5494194030762,-2.23684215545654,-30,751.5
17.6684722900391,-0.263157904148102,-30,751.5
17.4574298858643,1.71052634716034,-30,751.5
17.0199680328369,3.68421053886414,-30,751.5
17.0578746795654,5.65789461135864,-30,751.5
16.9167766571045,7.63157892227173,-30,751.5
16.4675483703613,9.60526275634766,-30,751.5
16.1215667724609,11.5789470672607,-30,751.5
15.75146484375,13.5526313781738,-30,751.5
14.1728086471558,15.5263156890869,-30,751.5
11.9036846160889,17.5,-30,751.5
10.4143753051758,19.4736843109131,-30,751.5
9.22236633300781,21.4473686218262,-30,751.5
9.19424247741699,23.4210529327393,-30,751.5
8.70719528198242,25.3947372436523,-30,751.5
8.25630569458008,27.3684215545654,-30,751.5
12.024486541748,29.3421058654785,-30,751.5
18.3765678405762,31.3157901763916,-30,751.5
21.8683547973633,33.2894744873047,-30,751.5
21.8246288299561,35.2631568908691,-30,751.5
20.7712936401367,37.2368431091309,-30,751.5
20.8593673706055,39.2105255126953,-30,751.5
21.125846862793,41.184211730957,-30,751.5
20.50856590271,43.1578941345215,-30,751.5
20.2996044158936,45.1315803527832,-30,751.5
20.1400623321533,47.1052627563477,-30,751.5
19.9237880706787,49.0789489746094,-30,751.5
19.8910007476807,51.0526313781738,-30,751.5
20.0977306365967,53.0263175964356,-30,751.5
19.7746887207031,55,-30,751.5
19.1911506652832,-20,-28,751.5
19.3610725402832,-18.0263156890869,-28,751.5
19.1896667480469,-16.0526313781738,-28,751.5
18.9187870025635,-14.0789470672607,-28,751.5
18.8670921325684,-12.1052627563477,-28,751.5
18.8316421508789,-10.1315793991089,-28,751.5
18.6461868286133,-8.1578950881958,-28,751.5
18.3985023498535,-6.18421030044556,-28,751.5
18.1941051483154,-4.21052646636963,-28,751.5
18.061128616333,-2.23684215545654,-28,751.5
18.0897941589355,-0.263157904148102,-28,751.5
17.8571090698242,1.71052634716034,-28,751.5
17.4633865356445,3.68421053886414,-28,751.5
17.3611888885498,5.65789461135864,-28,751.5
17.0641326904297,7.63157892227173,-28,751.5
16.6304225921631,9.60526275634766,-28,751.5
16.2567119598389,11.5789470672607,-28,751.5
15.1440925598145,13.5526313781738,-28,751.5
12.6239814758301,15.5263156890869,-28,751.5
11.3127326965332,17.5,-28,751.5
11.1652812957764,19.4736843109131,-28,751.5
12.2294893264771,21.4473686218262,-28,751.5
12.8256826400757,23.4210529327393,-28,751.5
10.9735269546509,25.3947372436523,-28,751.5
8.39999389648438,27.3684215545654,-28,751.5
10.2516784667969,29.3421058654785,-28,751.5
16.0548057556152,31.3157901763916,-28,751.5
21.2807922363281,33.2894744873047,-28,751.5
22.5651168823242,35.2631568908691,-28,751.5
21.997688293457,37.2368431091309,-28,751.5
22.0072441101074,39.2105255126953,-28,751.5
22.2725238800049,41.184211730957,-28,751.5
22.0830821990967,43.1578941345215,-28,751.5
21.9267349243164,45.1315803527832,-28,751.5
21.7546653747559,47.1052627563477,-28,751.5
21.4806480407715,49.0789489746094,-28,751.5
21.0929412841797,51.0526313781738,-28,751.5
21.061408996582,53.0263175964356,-28,751.5
20.8631248474121,55,-28,751.5
20.3316020965576,-20,-26,751.5
20.1943626403809,-18.0263156890869,-26,751.5
19.8432121276855,-16.0526313781738,-26,751.5
19.7185173034668,-14.0789470672607,-26,751.5
19.761926651001,-12.1052627563477,-26,751.5
19.4395599365234,-10.1315793991089,-26,751.5
19.1249370574951,-8.1578950881958,-26,751.5
18.9322757720947,-6.18421030044556,-26,751.5
18.6929531097412,-4.21052646636963,-26,751.5
18.4613437652588,-2.23684215545654,-26,751.5
18.2683200836182,-0.263157904148102,-26,751.5
18.1070747375488,1.71052634716034,-26,751.5
17.9515953063965,3.68421053886414,-26,751.5
17.5636119842529,5.65789461135864,-26,751.5
16.6908988952637,7.63157892227173,-26,751.5
16.1737785339355,9.60526275634766,-26,751.5
16.0824947357178,11.5789470672607,-26,751.5
14.7202892303467,13.5526313781738,-26,751.5
13.3662824630737,15.5263156890869,-26,751.5
11.5229511260986,17.5,-26,751.5
12.2101974487305,19.4736843109131,-26,751.5
14.0845012664795,21.4473686218262,-26,751.5
14.6947402954102,23.4210529327393,-26,751.5
12.8718185424805,25.3947372436523,-26,751.5
10.6547012329102,27.3684215545654,-26,751.5
11.7803192138672,29.3421058654785,-26,751.5
16.1670837402344,31.3157901763916,-26,751.5
21.0764636993408,33.2894744873047,-26,751.5
22.9607315063477,35.2631568908691,-26,751.5
22.6592712402344,37.2368431091309,-26,751.5
22.499698638916,39.2105255126953,-26,751.5
23.1542682647705,41.184211730957,-26,751.5
23.1581611633301,43.1578941345215,-26,751.5
22.4828357696533,45.1315803527832,-26,751.5
22.5805377960205,47.1052627563477,-26,751.5
22.7108745574951,49.0789489746094,-26,751.5
22.0775012969971,51.0526313781738,-26,751.5
21.6411418914795,53.0263175964356,-26,751.5
21.7303409576416,55,-26,751.5
21.2591743469238,-20,-24,751.5
21.0934925079346,-18.0263156890869,-24,751.5
20.6621837615967,-16.0526313781738,-24,751.5
20.5176315307617,-14.0789470672607,-24,751.5
20.3969116210938,-12.1052627563477,-24,751.5
19.9138240814209,-10.1315793991089,-24,751.5
19.6498203277588,-8.1578950881958,-24,751.5
19.4992828369141,-6.18421030044556,-24,751.5
19.0936412811279,-4.21052646636963,-24,751.5
18.8223819732666,-2.23684215545654,-24,751.5
18.6353454589844,-0.263157904148102,-24,751.5
18.3281593322754,1.71052634716034,-24,751.5
18.168773651123,3.68421053886414,-24,751.5
17.7969913482666,5.65789461135864,-24,751.5
16.6323986053467,7.63157892227173,-24,751.5
16.080099105835,9.60526275634766,-24,751.5
16.1783142089844,11.5789470672607,-24,751.5
14.4409160614014,13.5526313781738,-24,751.5
13.6808338165283,15.5263156890869,-24,751.5
12.0799055099487,17.5,-24,751.5
13.6910305023193,19.4736843109131,-24,751.5
16.2416038513184,21.4473686218262,-24,751.5
16.6925811767578,23.4210529327393,-24,751.5
15.0710010528564,25.3947372436523,-24,751.5
13.749683380127,27.3684215545654,-24,751.5
14.7912712097168,29.3421058654785,-24,751.5
17.6985473632813,31.3157901763916,-24,751.5
20.991678237915,33.2894744873047,-24,751.5
23.4088745117188,35.2631568908691,-24,751.5
23.2459754943848,37.2368431091309,-24,751.5
23.0782623291016,39.2105255126953,-24,751.5
24.1254825592041,41.184211730957,-24,751.5
23.7820358276367,43.1578941345215,-24,751.5
21.9824695587158,45.1315803527832,-24,751.5
21.919942855835,47.1052627563477,-24,751.5
23.0473117828369,49.0789489746094,-24,751.5
23.2980880737305,51.0526313781738,-24,751.5
22.5609455108643,53.0263175964356,-24,751.5
22.3629055023193,55,-24,751.5
21.8499202728272,-20,-22,751.5
21.5634460449219,-18.0263156890869,-22,751.5
21.0266246795654,-16.0526313781738,-22,751.5
20.8611602783203,-14.0789470672607,-22,751.5
20.5658302307129,-12.1052627563477,-22,751.5
20.1017036437988,-10.1315793991089,-22,751.5
20.008659362793,-8.1578950881958,-22,751.5
19.7746524810791,-6.18421030044556,-22,751.5
19.1771926879883,-4.21052646636963,-22,751.5
19.0578136444092,-2.23684215545654,-22,751.5
19.100456237793,-0.263157904148102,-22,751.5
18.4669303894043,1.71052634716034,-22,751.5
17.9771270751953,3.68421053886414,-22,751.5
17.7581787109375,5.65789461135864,-22,751.5
16.8661098480225,7.63157892227173,-22,751.5
16.4408664703369,9.60526275634766,-22,751.5
16.0166664123535,11.5789470672607,-22,751.5
14.0671701431274,13.5526313781738,-22,751.5
13.8244113922119,15.5263156890869,-22,751.5
12.6179113388062,17.5,-22,751.5
15.2504835128784,19.4736843109131,-22,751.5
17.4406986236572,21.4473686218262,-22,751.5
17.6491966247559,23.4210529327393,-22,751.5
16.5185565948486,25.3947372436523,-22,751.5
16.1786479949951,27.3684215545654,-22,751.5
16.7973766326904,29.3421058654785,-22,751.5
18.2825202941895,31.3157901763916,-22,751.5
20.7796936035156,33.2894744873047,-22,751.5
23.7277889251709,35.2631568908691,-22,751.5
23.8907070159912,37.2368431091309,-22,751.5
23.936393737793,39.2105255126953,-22,751.5
25.0738697052002,41.184211730957,-22,751.5
24.1804218292236,43.1578941345215,-22,751.5
20.7136459350586,45.1315803527832,-22,751.5
19.6376953125,47.1052627563477,-22,751.5
22.3422660827637,49.0789489746094,-22,751.5
24.0631427764893,51.0526313781738,-22,751.5
23.2536506652832,53.0263175964356,-22,751.5
22.5846366882324,55,-22,751.5
21.9566612243652,-20,-20,751.5
21.6261444091797,-18.0263156890869,-20,751.5
21.195426940918,-16.0526313781738,-20,751.5
21.0705032348633,-14.0789470672607,-20,751.5
20.7517356872559,-12.1052627563477,-20,751.5
20.3190956115723,-10.1315793991089,-20,751.5
20.2354145050049,-8.1578950881958,-20,751.5
19.9933071136475,-6.18421030044556,-20,751.5
19.4273300170898,-4.21052646636963,-20,751.5
19.3364562988281,-2.23684215545654,-20,751.5
19.3070068359375,-0.263157904148102,-20,751.5
18.488073348999,1.71052634716034,-20,751.5
17.8793296813965,3.68421053886414,-20,751.5
17.700174331665,5.65789461135864,-20,751.5
17.0994338989258,7.63157892227173,-20,751.5
16.2605533599854,9.60526275634766,-20,751.5
15.420280456543,11.5789470672607,-20,751.5
16.8379993438721,13.5526313781738,-20,751.5
15.1631317138672,15.5263156890869,-20,751.5
14.3797397613525,17.5,-20,751.5
16.4142303466797,19.4736843109131,-20,751.5
17.7327766418457,21.4473686218262,-20,751.5
18.0773067474365,23.4210529327393,-20,751.5
17.8147220611572,25.3947372436523,-20,751.5
17.4592971801758,27.3684215545654,-20,751.5
17.0368194580078,29.3421058654785,-20,751.5
17.5176620483398,31.3157901763916,-20,751.5
19.9225807189941,33.2894744873047,-20,751.5
23.3074417114258,35.2631568908691,-20,751.5
24.4829063415527,37.2368431091309,-20,751.5
24.7340984344482,39.2105255126953,-20,751.5
25.6472816467285,41.184211730957,-20,751.5
25.0547771453857,43.1578941345215,-20,751.5
21.2372798919678,45.1315803527832,-20,751.5
19.1662063598633,47.1052627563477,-20,751.5
21.2750625610352,49.0789489746094,-20,751.5
23.9482650756836,51.0526313781738,-20,751.5
23.6674938201904,53.0263175964356,-20,751.5
22.8299694061279,55,-20,751.5
22.2185840606689,-20,-18,751.5
21.9914016723633,-18.0263156890869,-18,751.5
21.752758026123,-16.0526313781738,-18,751.5
21.5688381195068,-14.0789470672607,-18,751.5
21.1504154205322,-12.1052627563477,-18,751.5
20.7342414855957,-10.1315793991089,-18,751.5
20.5730323791504,-8.1578950881958,-18,751.5
20.2583198547363,-6.18421030044556,-18,751.5
19.754077911377,-4.21052646636963,-18,751.5
19.5217208862305,-2.23684215545654,-18,751.5
19.2720527648926,-0.263157904148102,-18,751.5
18.6561660766602,1.71052634716034,-18,751.5
18.2496662139893,3.68421053886414,-18,751.5
17.9337177276611,5.65789461135864,-18,751.5
17.2794456481934,7.63157892227173,-18,751.5
16.3047637939453,9.60526275634766,-18,751.5
15.0065536499023,11.5789470672607,-18,751.5
17.5838279724121,13.5526313781738,-18,751.5
15.9877071380615,15.5263156890869,-18,751.5
15.8949384689331,17.5,-18,751.5
16.4680366516113,19.4736843109131,-18,751.5
17.1788635253906,21.4473686218262,-18,751.5
18.1072559356689,23.4210529327393,-18,751.5
18.40940284729,25.3947372436523,-18,751.5
17.9598693847656,27.3684215545654,-18,751.5
17.6535301208496,29.3421058654785,-18,751.5
18.0607089996338,31.3157901763916,-18,751.5
19.79075050354,33.2894744873047,-18,751.5
22.2402286529541,35.2631568908691,-18,751.5
24.2737560272217,37.2368431091309,-18,751.5
24.6793384552002,39.2105255126953,-18,751.5
25.5065422058106,41.184211730957,-18,751.5
25.7057609558106,43.1578941345215,-18,751.5
23.098539352417,45.1315803527832,-18,751.5
20.9008979797363,47.1052627563477,-18,751.5
20.6903381347656,49.0789489746094,-18,751.5
23.3446559906006,51.0526313781738,-18,751.5
24.0475311279297,53.0263175964356,-18,751.5
23.4139270782471,55,-18,751.5
22.9812164306641,-20,-16,751.5
22.7949333190918,-18.0263156890869,-16,751.5
22.5963478088379,-16.0526313781738,-16,751.5
22.2597274780273,-14.0789470672607,-16,751.5
21.8281402587891,-12.1052627563477,-16,751.5
21.507999420166,-10.1315793991089,-16,751.5
21.3236923217773,-8.1578950881958,-16,751.5
20.8931617736816,-6.18421030044556,-16,751.5
20.3966751098633,-4.21052646636963,-16,751.5
19.9697437286377,-2.23684215545654,-16,751.5
19.4778423309326,-0.263157904148102,-16,751.5
19.0942802429199,1.71052634716034,-16,751.5
19.0069923400879,3.68421053886414,-16,751.5
18.2445507049561,5.65789461135864,-16,751.5
17.463888168335,7.63157892227173,-16,751.5
17.6411399841309,9.60526275634766,-16,751.5
16.7726593017578,11.5789470672607,-16,751.5
17.8207378387451,13.5526313781738,-16,751.5
16.2207641601563,15.5263156890869,-16,751.5
16.2886848449707,17.5,-16,751.5
16.8171539306641,19.4736843109131,-16,751.5
17.552131652832,21.4473686218262,-16,751.5
18.4712162017822,23.4210529327393,-16,751.5
19.0876483917236,25.3947372436523,-16,751.5
19.0302467346191,27.3684215545654,-16,751.5
19.1652317047119,29.3421058654785,-16,751.5
19.6898326873779,31.3157901763916,-16,751.5
20.3403015136719,33.2894744873047,-16,751.5
21.516185760498,35.2631568908691,-16,751.5
22.9043197631836,37.2368431091309,-16,751.5
23.1978015899658,39.2105255126953,-16,751.5
24.7895565032959,41.184211730957,-16,751.5
25.9188194274902,43.1578941345215,-16,751.5
24.5186538696289,45.1315803527832,-16,751.5
22.1933403015137,47.1052627563477,-16,751.5
20.9853382110596,49.0789489746094,-16,751.5
22.9316673278809,51.0526313781738,-16,751.5
24.1223526000977,53.0263175964356,-16,751.5
23.9529800415039,55,-16,751.5
23.9217529296875,-20,-14,751.5
23.7687816619873,-18.0263156890869,-14,751.5
23.4932155609131,-16.0526313781738,-14,751.5
23.137622833252,-14.0789470672607,-14,751.5
22.867223739624,-12.1052627563477,-14,751.5
22.5560493469238,-10.1315793991089,-14,751.5
22.1961402893066,-8.1578950881958,-14,751.5
21.7424659729004,-6.18421030044556,-14,751.5
21.3625297546387,-4.21052646636963,-14,751.5
20.9660491943359,-2.23684215545654,-14,751.5
20.3049030303955,-0.263157904148102,-14,751.5
19.9115428924561,1.71052634716034,-14,751.5
19.7347888946533,3.68421053886414,-14,751.5
18.79079246521,5.65789461135864,-14,751.5
18.2569751739502,7.63157892227173,-14,751.5
19.3941192626953,9.60526275634766,-14,751.5
19.1030502319336,11.5789470672607,-14,751.5
17.9122047424316,13.5526313781738,-14,751.5
16.3044929504395,15.5263156890869,-14,751.5
16.1621532440186,17.5,-14,751.5
17.4834537506104,19.4736843109131,-14,751.5
18.3955554962158,21.4473686218262,-14,751.5
19.3403396606445,23.4210529327393,-14,751.5
20.0023326873779,25.3947372436523,-14,751.5
19.882453918457,27.3684215545654,-14,751.5
20.0462074279785,29.3421058654785,-14,751.5
20.3555355072022,31.3157901763916,-14,751.5
20.3197288513184,33.2894744873047,-14,751.5
20.6895732879639,35.2631568908691,-14,751.5
22.042652130127,37.2368431091309,-14,751.5
22.9718265533447,39.2105255126953,-14,751.5
24.4492740631104,41.184211730957,-14,751.5
25.9694004058838,43.1578941345215,-14,751.5
25.8708477020264,45.1315803527832,-14,751.5
24.4511108398438,47.1052627563477,-14,751.5
22.8145446777344,49.0789489746094,-14,751.5
23.117769241333,51.0526313781738,-14,751.5
23.9797344207764,53.0263175964356,-14,751.5
24.1559772491455,55,-14,751.5
24.7532691955566,-20,-12,751.5
24.5667476654053,-18.0263156890869,-12,751.5
24.3299064636231,-16.0526313781738,-12,751.5
24.1318588256836,-14.0789470672607,-12,751.5
23.8799705505371,-12.1052627563477,-12,751.5
23.4550685882568,-10.1315793991089,-12,751.5
22.9969062805176,-8.1578950881958,-12,751.5
22.5590114593506,-6.18421030044556,-12,751.5
22.2146453857422,-4.21052646636963,-12,751.5
21.9627838134766,-2.23684215545654,-12,751.5
21.4591522216797,-0.263157904148102,-12,751.5
20.9186782836914,1.71052634716034,-12,751.5
20.6385288238525,3.68421053886414,-12,751.5
20.1389846801758,5.65789461135864,-12,751.5
19.7052993774414,7.63157892227173,-12,751.5
20.6372756958008,9.60526275634766,-12,751.5
20.569522857666,11.5789470672607,-12,751.5
18.1499557495117,13.5526313781738,-12,751.5
17.8481616973877,15.5263156890869,-12,751.5
16.905101776123,17.5,-12,751.5
18.5065422058105,19.4736843109131,-12,751.5
19.3509902954102,21.4473686218262,-12,751.5
20.073860168457,23.4210529327393,-12,751.5
20.7054672241211,25.3947372436523,-12,751.5
20.7036895751953,27.3684215545654,-12,751.5
20.423189163208,29.3421058654785,-12,751.5
20.338342666626,31.3157901763916,-12,751.5
20.3481101989746,33.2894744873047,-12,751.5
20.8252696990967,35.2631568908691,-12,751.5
22.428581237793,37.2368431091309,-12,751.5
23.8359870910645,39.2105255126953,-12,751.5
24.7488632202148,41.184211730957,-12,751.5
25.376163482666,43.1578941345215,-12,751.5
25.3603343963623,45.1315803527832,-12,751.5
25.006233215332,47.1052627563477,-12,751.5
24.237720489502,49.0789489746094,-12,751.5
23.8052711486816,51.0526313781738,-12,751.5
24.1975784301758,53.0263175964356,-12,751.5
24.3759689331055,55,-12,751.5
25.5416297912598,-20,-10,751.5
25.2135696411133,-18.0263156890869,-10,751.5
24.9982223510742,-16.0526313781738,-10,751.5
24.9087448120117,-14.0789470672607,-10,751.5
24.5358505249023,-12.1052627563477,-10,751.5
24.0836563110352,-10.1315793991089,-10,751.5
23.8371047973633,-8.1578950881958,-10,751.5
23.5107879638672,-6.18421030044556,-10,751.5
23.018383026123,-4.21052646636963,-10,751.5
22.7920761108398,-2.23684215545654,-10,751.5
22.4236164093018,-0.263157904148102,-10,751.5
21.6034164428711,1.71052634716034,-10,751.5
21.2115440368652,3.68421053886414,-10,751.5
21.2788696289063,5.65789461135864,-10,751.5
20.9597358703613,7.63157892227173,-10,751.5
21.3280353546143,9.60526275634766,-10,751.5
21.4758701324463,11.5789470672607,-10,751.5
19.9677619934082,13.5526313781738,-10,751.5
20.4541358947754,15.5263156890869,-10,751.5
19.984733581543,17.5,-10,751.5
21.0414276123047,19.4736843109131,-10,751.5
21.1849060058594,21.4473686218262,-10,751.5
21.2786235809326,23.4210529327393,-10,751.5
22.019660949707,25.3947372436523,-10,751.5
22.3166751861572,27.3684215545654,-10,751.5
21.6145648956299,29.3421058654785,-10,751.5
20.6453399658203,31.3157901763916,-10,751.5
20.2914180755615,33.2894744873047,-10,751.5
20.9106521606445,35.2631568908691,-10,751.5
22.9025268554688,37.2368431091309,-10,751.5
24.7419605255127,39.2105255126953,-10,751.5
25.0033645629883,41.184211730957,-10,751.5
24.5563335418701,43.1578941345215,-10,751.5
24.2145500183106,45.1315803527832,-10,751.5
24.2817287445068,47.1052627563477,-10,751.5
24.3536586761475,49.0789489746094,-10,751.5
24.5014495849609,51.0526313781738,-10,751.5
24.6306037902832,53.0263175964356,-10,751.5
24.6816711425781,55,-10,751.5
25.9856719970703,-20,-8,751.5
25.5428657531738,-18.0263156890869,-8,751.5
25.2764587402344,-16.0526313781738,-8,751.5
25.2044525146484,-14.0789470672607,-8,751.5
24.851863861084,-12.1052627563477,-8,751.5
24.4605712890625,-10.1315793991089,-8,751.5
24.2649154663086,-8.1578950881958,-8,751.5
23.970178604126,-6.18421030044556,-8,751.5
23.4702167510986,-4.21052646636963,-8,751.5
23.2039947509766,-2.23684215545654,-8,751.5
22.821985244751,-0.263157904148102,-8,751.5
22.152853012085,1.71052634716034,-8,751.5
21.7408180236816,3.68421053886414,-8,751.5
21.7044429779053,5.65789461135864,-8,751.5
21.6906623840332,7.63157892227173,-8,751.5
21.899938583374,9.60526275634766,-8,751.5
21.5517234802246,11.5789470672607,-8,751.5
20.8158893585205,13.5526313781738,-8,751.5
22.7308597564697,15.5263156890869,-8,751.5
23.6028289794922,17.5,-8,751.5
24.0668067932129,19.4736843109131,-8,751.5
23.5860557556152,21.4473686218262,-8,751.5
23.4195060729981,23.4210529327393,-8,751.5
24.2081432342529,25.3947372436523,-8,751.5
24.4225540161133,27.3684215545654,-8,751.5
23.3046569824219,29.3421058654785,-8,751.5
21.5706367492676,31.3157901763916,-8,751.5
20.2130851745605,33.2894744873047,-8,751.5
20.2277812957764,35.2631568908691,-8,751.5
22.3344306945801,37.2368431091309,-8,751.5
24.7224082946777,39.2105255126953,-8,751.5
25.1419219970703,41.184211730957,-8,751.5
24.5726222991943,43.1578941345215,-8,751.5
24.5582141876221,45.1315803527832,-8,751.5
24.6422023773193,47.1052627563477,-8,751.5
24.7125778198242,49.0789489746094,-8,751.5
25.0193138122559,51.0526313781738,-8,751.5
24.9850635528565,53.0263175964356,-8,751.5
24.8056602478027,55,-8,751.5
25.7815284729004,-20,-6,751.5
25.402214050293,-18.0263156890869,-6,751.5
25.1453323364258,-16.0526313781738,-6,751.5
25.0274047851563,-14.0789470672607,-6,751.5
24.8581008911133,-12.1052627563477,-6,751.5
24.5226745605469,-10.1315793991089,-6,751.5
24.0674629211426,-8.1578950881958,-6,751.5
23.6892166137695,-6.18421030044556,-6,751.5
23.3565063476563,-4.21052646636963,-6,751.5
23.1071243286133,-2.23684215545654,-6,751.5
22.6718845367432,-0.263157904148102,-6,751.5
22.3146648406982,1.71052634716034,-6,751.5
22.2575435638428,3.68421053886414,-6,751.5
22.1706142425537,5.65789461135864,-6,751.5
22.3823223114014,7.63157892227173,-6,751.5
22.3902721405029,9.60526275634766,-6,751.5
21.7104339599609,11.5789470672607,-6,751.5
22.5151596069336,13.5526313781738,-6,751.5
24.8929233551025,15.5263156890869,-6,751.5
26.3364181518555,17.5,-6,751.5
26.2053489685059,19.4736843109131,-6,751.5
25.3005828857422,21.4473686218262,-6,751.5
25.2976360321045,23.4210529327393,-6,751.5
25.6314353942871,25.3947372436523,-6,751.5
24.9614295959473,27.3684215545654,-6,751.5
23.8292064666748,29.3421058654785,-6,751.5
22.4721431732178,31.3157901763916,-6,751.5
20.563684463501,33.2894744873047,-6,751.5
19.4328269958496,35.2631568908691,-6,751.5
20.9910049438477,37.2368431091309,-6,751.5
24.069860458374,39.2105255126953,-6,751.5
25.2431182861328,41.184211730957,-6,751.5
24.8534450531006,43.1578941345215,-6,751.5
25.0711688995361,45.1315803527832,-6,751.5
25.0085697174072,47.1052627563477,-6,751.5
24.8793449401856,49.0789489746094,-6,751.5
25.4134654998779,51.0526313781738,-6,751.5
25.5879745483398,53.0263175964356,-6,751.5
25.3294658660889,55,-6,751.5
25.0920295715332,-20,-4,751.5
24.6979942321777,-18.0263156890869,-4,751.5
24.4323806762695,-16.0526313781738,-4,751.5
24.136812210083,-14.0789470672607,-4,751.5
23.9575538635254,-12.1052627563477,-4,751.5
23.7511596679688,-10.1315793991089,-4,751.5
23.3260231018066,-8.1578950881958,-4,751.5
23.0958423614502,-6.18421030044556,-4,751.5
23.0871353149414,-4.21052646636963,-4,751.5
22.8115501403809,-2.23684215545654,-4,751.5
22.3365306854248,-0.263157904148102,-4,751.5
22.4287261962891,1.71052634716034,-4,751.5
22.7411975860596,3.68421053886414,-4,751.5
22.6947631835938,5.65789461135864,-4,751.5
22.9447326660156,7.63157892227173,-4,751.5
22.6941413879395,9.60526275634766,-4,751.5
22.759693145752,11.5789470672607,-4,751.5
24.1988182067871,13.5526313781738,-4,751.5
25.9591312408447,15.5263156890869,-4,751.5
27.1613674163818,17.5,-4,751.5
27.0073280334473,19.4736843109131,-4,751.5
26.0696105957031,21.4473686218262,-4,751.5
25.9274387359619,23.4210529327393,-4,751.5
25.3898620605469,25.3947372436523,-4,751.5
23.5770378112793,27.3684215545654,-4,751.5
22.689661026001,29.3421058654785,-4,751.5
22.6117305755615,31.3157901763916,-4,751.5
20.9353370666504,33.2894744873047,-4,751.5
18.8929748535156,35.2631568908691,-4,751.5
19.4246387481689,37.2368431091309,-4,751.5
23.3997840881348,39.2105255126953,-4,751.5
25.4122123718262,41.184211730957,-4,751.5
24.9276905059815,43.1578941345215,-4,751.5
25.0415115356445,45.1315803527832,-4,751.5
25.2975311279297,47.1052627563477,-4,751.5
25.3740158081055,49.0789489746094,-4,751.5
25.9523754119873,51.0526313781738,-4,751.5
26.3460693359375,53.0263175964356,-4,751.5
26.235990524292,55,-4,751.5
24.4385070800781,-20,-2,751.5
23.9794273376465,-18.0263156890869,-2,751.5
23.7055244445801,-16.0526313781738,-2,751.5
23.2036247253418,-14.0789470672607,-2,751.5
22.7787590026855,-12.1052627563477,-2,751.5
22.7032680511475,-10.1315793991089,-2,751.5
22.6685848236084,-8.1578950881958,-2,751.5
22.8673553466797,-6.18421030044556,-2,751.5
23.2876491546631,-4.21052646636963,-2,751.5
23.2543697357178,-2.23684215545654,-2,751.5
23.0714015960693,-0.263157904148102,-2,751.5
23.3206615447998,1.71052634716034,-2,751.5
23.338794708252,3.68421053886414,-2,751.5
23.4229965209961,5.65789461135864,-2,751.5
23.8900089263916,7.63157892227173,-2,751.5
23.7829475402832,9.60526275634766,-2,751.5
23.9146537780762,11.5789470672607,-2,751.5
24.0269527435303,13.5526313781738,-2,751.5
24.6776580810547,15.5263156890869,-2,751.5
25.4958724975586,17.5,-2,751.5
25.5079917907715,19.4736843109131,-2,751.5
24.8927688598633,21.4473686218262,-2,751.5
24.7317543029785,23.4210529327393,-2,751.5
24.1045379638672,25.3947372436523,-2,751.5
22.2498970031738,27.3684215545654,-2,751.5
21.5274429321289,29.3421058654785,-2,751.5
20.3338203430176,31.3157901763916,-2,751.5
18.530969619751,33.2894744873047,-2,751.5
18.0083637237549,35.2631568908691,-2,751.5
18.8906517028809,37.2368431091309,-2,751.5
23.2519187927246,39.2105255126953,-2,751.5
26.0234432220459,41.184211730957,-2,751.5
25.1853713989258,43.1578941345215,-2,751.5
25.3922500610352,45.1315803527832,-2,751.5
26.0012550354004,47.1052627563477,-2,751.5
25.9943294525147,49.0789489746094,-2,751.5
26.2122650146484,51.0526313781738,-2,751.5
26.6714210510254,53.0263175964356,-2,751.5
26.8945007324219,55,-2,751.5
24.5933322906494,-20,0,751.5
24.1421184539795,-18.0263156890869,0,751.5
23.9644889831543,-16.0526313781738,0,751.5
23.5283393859863,-14.0789470672607,0,751.5
22.9969348907471,-12.1052627563477,0,751.5
22.8946495056152,-10.1315793991089,0,751.5
23.2335987091064,-8.1578950881958,0,751.5
23.8757152557373,-6.18421030044556,0,751.5
24.4043979644775,-4.21052646636963,0,751.5
24.501932144165,-2.23684215545654,0,751.5
24.6332454681397,-0.263157904148102,0,751.5
24.7507839202881,1.71052634716034,0,751.5
24.3016700744629,3.68421053886414,0,751.5
24.6583366394043,5.65789461135864,0,751.5
25.3727340698242,7.63157892227173,0,751.5
24.7374649047852,9.60526275634766,0,751.5
23.1436042785645,11.5789470672607,0,751.5
22.6679039001465,13.5526313781738,0,751.5
23.046142578125,15.5263156890869,0,751.5
23.7766723632813,17.5,0,751.5
24.0721111297607,19.4736843109131,0,751.5
23.8813247680664,21.4473686218262,0,751.5
23.8041305541992,23.4210529327393,0,751.5
23.444393157959,25.3947372436523,0,751.5
22.0650939941406,27.3684215545654,0,751.5
20.943078994751,29.3421058654785,0,751.5
18.9957046508789,31.3157901763916,0,751.5
17.8576354980469,33.2894744873047,0,751.5
18.5481662750244,35.2631568908691,0,751.5
19.8625450134277,37.2368431091309,0,751.5
23.9404525756836,39.2105255126953,0,751.5
26.8189525604248,41.184211730957,0,751.5
25.9514141082764,43.1578941345215,0,751.5
25.2430000305176,45.1315803527832,0,751.5
25.9339561462402,47.1052627563477,0,751.5
25.8646583557129,49.0789489746094,0,751.5
26.0913219451904,51.0526313781738,0,751.5
26.8636112213135,53.0263175964356,0,751.5
27.4333381652832,55,0,751.5
25.7180233001709,-20,2,751.5
25.3065032958984,-18.0263156890869,2,751.5
25.1329917907715,-16.0526313781738,2,751.5
24.9791355133057,-14.0789470672607,2,751.5
24.7820777893066,-12.1052627563477,2,751.5
24.7070426940918,-10.1315793991089,2,751.5
24.96213722229,-8.1578950881958,2,751.5
25.3586273193359,-6.18421030044556,2,751.5
25.4296684265137,-4.21052646636963,2,751.5
25.1676349639893,-2.23684215545654,2,751.5
25.2214698791504,-0.263157904148102,2,751.5
25.3034038543701,1.71052634716034,2,751.5
24.9476718902588,3.68421053886414,2,751.5
25.6151866912842,5.65789461135864,2,751.5
26.0169200897217,7.63157892227173,2,751.5
24.2224769592285,9.60526275634766,2,751.5
22.0426387786865,11.5789470672607,2,751.5
22.0613059997559,13.5526313781738,2,751.5
22.5777702331543,15.5263156890869,2,751.5
23.1519966125488,17.5,2,751.5
23.6074371337891,19.4736843109131,2,751.5
23.655818939209,21.4473686218262,2,751.5
23.4879894256592,23.4210529327393,2,751.5
23.1901969909668,25.3947372436523,2,751.5
22.0984668731689,27.3684215545654,2,751.5
20.7168006896973,29.3421058654785,2,751.5
20.4839992523193,31.3157901763916,2,751.5
20.9639663696289,33.2894744873047,2,751.5
21.0079956054688,35.2631568908691,2,751.5
21.2406806945801,37.2368431091309,2,751.5
23.4751014709473,39.2105255126953,2,751.5
26.2955913543701,41.184211730957,2,751.5
26.9611911773682,43.1578941345215,2,751.5
25.9334335327148,45.1315803527832,2,751.5
25.2056655883789,47.1052627563477,2,751.5
25.5149841308594,49.0789489746094,2,751.5
25.9223289489746,51.0526313781738,2,751.5
26.5712013244629,53.0263175964356,2,751.5
27.1196537017822,55,2,751.5
26.9120292663574,-20,4,751.5
26.4703483581543,-18.0263156890869,4,751.5
26.2578849792481,-16.0526313781738,4,751.5
26.3414001464844,-14.0789470672607,4,751.5
26.3849182128906,-12.1052627563477,4,751.5
26.0736083984375,-10.1315793991089,4,751.5
25.1792488098145,-8.1578950881958,4,751.5
25.0115146636963,-6.18421030044556,4,751.5
24.939510345459,-4.21052646636963,4,751.5
24.42112159729,-2.23684215545654,4,751.5
24.2893199920654,-0.263157904148102,4,751.5
24.83518409729,1.71052634716034,4,751.5
25.3164443969727,3.68421053886414,4,751.5
26.0897026062012,5.65789461135864,4,751.5
24.5087127685547,7.63157892227173,4,751.5
22.8541297912598,9.60526275634766,4,751.5
21.1801280975342,11.5789470672607,4,751.5
21.3257312774658,13.5526313781738,4,751.5
22.0922031402588,15.5263156890869,4,751.5
22.8419933319092,17.5,4,751.5
23.3134326934814,19.4736843109131,4,751.5
23.2895622253418,21.4473686218262,4,751.5
22.9601631164551,23.4210529327393,4,751.5
22.5889053344727,25.3947372436523,4,751.5
22.0729293823242,27.3684215545654,4,751.5
21.5457286834717,29.3421058654785,4,751.5
21.7008361816406,31.3157901763916,4,751.5
22.3555946350098,33.2894744873047,4,751.5
21.9029769897461,35.2631568908691,4,751.5
20.1463890075684,37.2368431091309,4,751.5
20.5881786346436,39.2105255126953,4,751.5
23.8748588562012,41.184211730957,4,751.5
26.9370002746582,43.1578941345215,4,751.5
27.494104385376,45.1315803527832,4,751.5
26.5473003387451,47.1052627563477,4,751.5
25.523380279541,49.0789489746094,4,751.5
25.8185615539551,51.0526313781738,4,751.5
25.6965751647949,53.0263175964356,4,751.5
25.8386325836182,55,4,751.5
27.3693370819092,-20,6,751.5
27.1049537658691,-18.0263156890869,6,751.5
27.0658378601074,-16.0526313781738,6,751.5
27.0198268890381,-14.0789470672607,6,751.5
26.6291847229004,-12.1052627563477,6,751.5
25.1736640930176,-10.1315793991089,6,751.5
23.8193244934082,-8.1578950881958,6,751.5
23.739164352417,-6.18421030044556,6,751.5
23.8371162414551,-4.21052646636963,6,751.5
23.5580520629883,-2.23684215545654,6,751.5
23.5060253143311,-0.263157904148102,6,751.5
23.9477348327637,1.71052634716034,6,751.5
24.3175086975098,3.68421053886414,6,751.5
24.532657623291,5.65789461135864,6,751.5
23.4912853240967,7.63157892227173,6,751.5
22.322416305542,9.60526275634766,6,751.5
21.0528602600098,11.5789470672607,6,751.5
20.8126792907715,13.5526313781738,6,751.5
21.7133846282959,15.5263156890869,6,751.5
22.7601737976074,17.5,6,751.5
23.0560550689697,19.4736843109131,6,751.5
22.7481918334961,21.4473686218262,6,751.5
22.3279075622559,23.4210529327393,6,751.5
22.1928997039795,25.3947372436523,6,751.5
22.6062240600586,27.3684215545654,6,751.5
23.1978359222412,29.3421058654785,6,751.5
23.4580116271973,31.3157901763916,6,751.5
22.8714294433594,33.2894744873047,6,751.5
20.5540161132813,35.2631568908691,6,751.5
17.1972808837891,37.2368431091309,6,751.5
17.108190536499,39.2105255126953,6,751.5
21.0894374847412,41.184211730957,6,751.5
25.2028636932373,43.1578941345215,6,751.5
26.7615814208984,45.1315803527832,6,751.5
26.9523162841797,47.1052627563477,6,751.5
26.1347694396973,49.0789489746094,6,751.5
25.3606681823731,51.0526313781738,6,751.5
25.4828433990479,53.0263175964356,6,751.5
25.4990158081055,55,6,751.5
27.2059936523438,-20,8,751.5
27.1664581298828,-18.0263156890869,8,751.5
27.2298717498779,-16.0526313781738,8,751.5
26.1937255859375,-14.0789470672607,8,751.5
24.6477890014648,-12.1052627563477,8,751.5
23.4071922302246,-10.1315793991089,8,751.5
22.9237899780273,-8.1578950881958,8,751.5
23.3606567382813,-6.18421030044556,8,751.5
23.730640411377,-4.21052646636963,8,751.5
23.6961975097656,-2.23684215545654,8,751.5
23.5707149505615,-0.263157904148102,8,751.5
23.4664154052734,1.71052634716034,8,751.5
23.4579830169678,3.68421053886414,8,751.5
23.2862491607666,5.65789461135864,8,751.5
23.0464324951172,7.63157892227173,8,751.5
22.5662441253662,9.60526275634766,8,751.5
21.9691028594971,11.5789470672607,8,751.5
21.8429317474365,13.5526313781738,8,751.5
22.5800514221191,15.5263156890869,8,751.5
23.3330535888672,17.5,8,751.5
23.2617282867432,19.4736843109131,8,751.5
22.790849685669,21.4473686218262,8,751.5
22.3867835998535,23.4210529327393,8,751.5
22.4451217651367,25.3947372436523,8,751.5
23.2716579437256,27.3684215545654,8,751.5
24.0711822509766,29.3421058654785,8,751.5
24.0574836730957,31.3157901763916,8,751.5
22.7541942596436,33.2894744873047,8,751.5
19.4036598205566,35.2631568908691,8,751.5
15.4913101196289,37.2368431091309,8,751.5
15.4943475723267,39.2105255126953,8,751.5
20.4323062896729,41.184211730957,8,751.5
24.6434192657471,43.1578941345215,8,751.5
26.0824737548828,45.1315803527832,8,751.5
27.123722076416,47.1052627563477,8,751.5
26.8765087127686,49.0789489746094,8,751.5
23.7918395996094,51.0526313781738,8,751.5
25.1217460632324,53.0263175964356,8,751.5
25.6203327178955,55,8,751.5
27.1675109863281,-20,10,751.5
27.308406829834,-18.0263156890869,10,751.5
27.223518371582,-16.0526313781738,10,751.5
25.500675201416,-14.0789470672607,10,751.5
23.3736400604248,-12.1052627563477,10,751.5
22.6759452819824,-10.1315793991089,10,751.5
22.995080947876,-8.1578950881958,10,751.5
23.708251953125,-6.18421030044556,10,751.5
24.0917015075684,-4.21052646636963,10,751.5
24.1681995391846,-2.23684215545654,10,751.5
24.019947052002,-0.263157904148102,10,751.5
23.7145099639893,1.71052634716034,10,751.5
23.5355434417725,3.68421053886414,10,751.5
23.0248622894287,5.65789461135864,10,751.5
22.455358505249,7.63157892227173,10,751.5
22.4812202453613,9.60526275634766,10,751.5
22.9435768127441,11.5789470672607,10,751.5
23.4237957000732,13.5526313781738,10,751.5
23.8449954986572,15.5263156890869,10,751.5
23.8775329589844,17.5,10,751.5
23.5484924316406,19.4736843109131,10,751.5
23.1219635009766,21.4473686218262,10,751.5
22.734411239624,23.4210529327393,10,751.5
22.7510223388672,25.3947372436523,10,751.5
23.3320598602295,27.3684215545654,10,751.5
23.641658782959,29.3421058654785,10,751.5
24.0048637390137,31.3157901763916,10,751.5
23.4038505554199,33.2894744873047,10,751.5
20.0207920074463,35.2631568908691,10,751.5
16.0721855163574,37.2368431091309,10,751.5
16.5034713745117,39.2105255126953,10,751.5
22.2061519622803,41.184211730957,10,751.5
26.8971080780029,43.1578941345215,10,751.5
29.0596389770508,45.1315803527832,10,751.5
30.4300022125244,47.1052627563477,10,751.5
30.5647010803223,49.0789489746094,10,751.5
27.1363182067871,51.0526313781738,10,751.5
23.6166801452637,53.0263175964356,10,751.5
24.5782375335693,55,10,751.5
27.5007076263428,-20,12,751.5
27.7104034423828,-18.0263156890869,12,751.5
26.8396110534668,-16.0526313781738,12,751.5
25.016170501709,-14.0789470672607,12,751.5
23.7968444824219,-12.1052627563477,12,751.5
23.3466110229492,-10.1315793991089,12,751.5
23.755313873291,-8.1578950881958,12,751.5
24.2338848114014,-6.18421030044556,12,751.5
24.3958492279053,-4.21052646636963,12,751.5
24.5593032836914,-2.23684215545654,12,751.5
24.5923252105713,-0.263157904148102,12,751.5
24.4369945526123,1.71052634716034,12,751.5
24.2754096984863,3.68421053886414,12,751.5
23.7303218841553,5.65789461135864,12,751.5
22.961612701416,7.63157892227173,12,751.5
23.0815582275391,9.60526275634766,12,751.5
23.8991107940674,11.5789470672607,12,751.5
24.4175910949707,13.5526313781738,12,751.5
24.4037990570068,15.5263156890869,12,751.5
24.1400260925293,17.5,12,751.5
23.7698478698731,19.4736843109131,12,751.5
23.0870132446289,21.4473686218262,12,751.5
22.3422622680664,23.4210529327393,12,751.5
22.5553379058838,25.3947372436523,12,751.5
23.239860534668,27.3684215545654,12,751.5
23.3088645935059,29.3421058654785,12,751.5
24.365062713623,31.3157901763916,12,751.5
24.9210948944092,33.2894744873047,12,751.5
21.6745147705078,35.2631568908691,12,751.5
17.4363307952881,37.2368431091309,12,751.5
18.6347198486328,39.2105255126953,12,751.5
24.6014156341553,41.184211730957,12,751.5
28.4889469146729,43.1578941345215,12,751.5
26.7244186401367,45.1315803527832,12,751.5
28.1174583435059,47.1052627563477,12,751.5
29.0203304290772,49.0789489746094,12,751.5
26.9030895233154,51.0526313781738,12,751.5
24.0260257720947,53.0263175964356,12,751.5
24.1606674194336,55,12,751.5
27.5941791534424,-20,14,751.5
27.8374519348145,-18.0263156890869,14,751.5
27.2081203460693,-16.0526313781738,14,751.5
26.0041980743408,-14.0789470672607,14,751.5
25.1879348754883,-12.1052627563477,14,751.5
24.7617778778076,-10.1315793991089,14,751.5
25.0558700561523,-8.1578950881958,14,751.5
25.3828754425049,-6.18421030044556,14,751.5
25.6519565582275,-4.21052646636963,14,751.5
26.004264831543,-2.23684215545654,14,751.5
26.085147857666,-0.263157904148102,14,751.5
25.9453201293945,1.71052634716034,14,751.5
25.9278259277344,3.68421053886414,14,751.5
25.4664096832275,5.65789461135864,14,751.5
24.8712863922119,7.63157892227173,14,751.5
25.1004161834717,9.60526275634766,14,751.5
26.046932220459,11.5789470672607,14,751.5
26.6611385345459,13.5526313781738,14,751.5
26.7854900360107,15.5263156890869,14,751.5
26.6141357421875,17.5,14,751.5
25.8193550109863,19.4736843109131,14,751.5
23.8818092346191,21.4473686218262,14,751.5
22.6054801940918,23.4210529327393,14,751.5
23.144739151001,25.3947372436523,14,751.5
24.2941780090332,27.3684215545654,14,751.5
25.1991119384766,29.3421058654785,14,751.5
26.3736591339111,31.3157901763916,14,751.5
26.5950164794922,33.2894744873047,14,751.5
23.7854270935059,35.2631568908691,14,751.5
21.2673873901367,37.2368431091309,14,751.5
23.5184326171875,39.2105255126953,14,751.5
26.7838859558105,41.184211730957,14,751.5
26.4878101348877,43.1578941345215,14,751.5
24.6350116729736,45.1315803527832,14,751.5
26.9939613342285,47.1052627563477,14,751.5
26.1609916687012,49.0789489746094,14,751.5
25.7406711578369,51.0526313781738,14,751.5
24.6125431060791,53.0263175964356,14,751.5
24.5995597839356,55,14,751.5
26.8045673370361,-20,16,751.5
27.097785949707,-18.0263156890869,16,751.5
27.8588485717773,-16.0526313781738,16,751.5
28.2719039916992,-14.0789470672607,16,751.5
27.2844009399414,-12.1052627563477,16,751.5
26.8624992370606,-10.1315793991089,16,751.5
27.3894786834717,-8.1578950881958,16,751.5
28.2734279632568,-6.18421030044556,16,751.5
29.1243591308594,-4.21052646636963,16,751.5
29.9344825744629,-2.23684215545654,16,751.5
29.6810073852539,-0.263157904148102,16,751.5
29.1328067779541,1.71052634716034,16,751.5
29.5486507415772,3.68421053886414,16,751.5
29.1151332855225,5.65789461135864,16,751.5
28.018217086792,7.63157892227173,16,751.5
28.0974807739258,9.60526275634766,16,751.5
30.2751903533936,11.5789470672607,16,751.5
31.7127895355225,13.5526313781738,16,751.5
32.3482131958008,15.5263156890869,16,751.5
32.5040740966797,17.5,16,751.5
31.9244995117188,19.4736843109131,16,751.5
30.293607711792,21.4473686218262,16,751.5
29.1243019104004,23.4210529327393,16,751.5
29.9358749389648,25.3947372436523,16,751.5
31.5496807098389,27.3684215545654,16,751.5
31.6514282226563,29.3421058654785,16,751.5
31.345272064209,31.3157901763916,16,751.5
30.7880802154541,33.2894744873047,16,751.5
28.909969329834,35.2631568908691,16,751.5
28.0968208312988,37.2368431091309,16,751.5
29.0852565765381,39.2105255126953,16,751.5
29.994987487793,41.184211730957,16,751.5
25.4772777557373,43.1578941345215,16,751.5
24.6061630249023,45.1315803527832,16,751.5
30.1360511779785,47.1052627563477,16,751.5
32.0345344543457,49.0789489746094,16,751.5
31.3203907012939,51.0526313781738,16,751.5
28.5055313110352,53.0263175964356,16,751.5
23.2338027954102,55,16,751.5
25.2439575195313,-20,18,751.5
25.8855838775635,-18.0263156890869,18,751.5
28.7962226867676,-16.0526313781738,18,751.5
32.3883399963379,-14.0789470672607,18,751.5
31.9004249572754,-12.1052627563477,18,751.5
31.359691619873,-10.1315793991089,18,751.5
32.5430221557617,-8.1578950881958,18,751.5
33.0069770812988,-6.18421030044556,18,751.5
32.6875915527344,-4.21052646636963,18,751.5
33.005744934082,-2.23684215545654,18,751.5
32.8687286376953,-0.263157904148102,18,751.5
32.3537368774414,1.71052634716034,18,751.5
32.470947265625,3.68421053886414,18,751.5
32.1305389404297,5.65789461135864,18,751.5
30.4386329650879,7.63157892227173,18,751.5
30.7525329589844,9.60526275634766,18,751.5
32.4447174072266,11.5789470672607,18,751.5
33.3209495544434,13.5526313781738,18,751.5
33.1832313537598,15.5263156890869,18,751.5
32.9959945678711,17.5,18,751.5
33.1397247314453,19.4736843109131,18,751.5
33.4021377563477,21.4473686218262,18,751.5
33.7195663452148,23.4210529327393,18,751.5
34.5827217102051,25.3947372436523,18,751.5
35.4574775695801,27.3684215545654,18,751.5
35.1920623779297,29.3421058654785,18,751.5
34.4851875305176,31.3157901763916,18,751.5
33.6513557434082,33.2894744873047,18,751.5
32.288948059082,35.2631568908691,18,751.5
32.5484466552734,37.2368431091309,18,751.5
30.8069534301758,39.2105255126953,18,751.5
29.0483741760254,41.184211730957,18,751.5
29.4035034179688,43.1578941345215,18,751.5
31.9482498168945,45.1315803527832,18,751.5
36.2384948730469,47.1052627563477,18,751.5
37.5619659423828,49.0789489746094,18,751.5
36.4677047729492,51.0526313781738,18,751.5
34.3439331054688,53.0263175964356,18,751.5
28.9895038604736,55,18,751.5
23.9365272521973,-20,20,751.5
24.0345821380615,-18.0263156890869,20,751.5
28.6653079986572,-16.0526313781738,20,751.5
35.3386001586914,-14.0789470672607,20,751.5
36.0236740112305,-12.1052627563477,20,751.5
35.4363479614258,-10.1315793991089,20,751.5
35.6834564208984,-8.1578950881958,20,751.5
35.7325401306152,-6.18421030044556,20,751.5
34.9762191772461,-4.21052646636963,20,751.5
34.9134216308594,-2.23684215545654,20,751.5
34.5804290771484,-0.263157904148102,20,751.5
33.5530242919922,1.71052634716034,20,751.5
32.9871292114258,3.68421053886414,20,751.5
32.8960189819336,5.65789461135864,20,751.5
32.1388244628906,7.63157892227173,20,751.5
32.2621421813965,9.60526275634766,20,751.5
32.2885437011719,11.5789470672607,20,751.5
32.1382522583008,13.5526313781738,20,751.5
31.1614112854004,15.5263156890869,20,751.5
30.3298301696777,17.5,20,751.5
31.0831260681152,19.4736843109131,20,751.5
32.7058792114258,21.4473686218262,20,751.5
33.6237487792969,23.4210529327393,20,751.5
33.9751205444336,25.3947372436523,20,751.5
34.4509201049805,27.3684215545654,20,751.5
35.6200981140137,29.3421058654785,20,751.5
36.1570167541504,31.3157901763916,20,751.5
35.1412658691406,33.2894744873047,20,751.5
34.1705169677734,35.2631568908691,20,751.5
29.8078269958496,37.2368431091309,20,751.5
29.211971282959,39.2105255126953,20,751.5
32.4911499023438,41.184211730957,20,751.5
31.3202285766602,43.1578941345215,20,751.5
34.9894523620605,45.1315803527832,20,751.5
39.2542266845703,47.1052627563477,20,751.5
40.4192848205566,49.0789489746094,20,751.5
40.370044708252,51.0526313781738,20,751.5
39.9378890991211,53.0263175964356,20,751.5
37.4636306762695,55,20,751.5
23.0373401641846,-20,22,751.5
21.7788238525391,-18.0263156890869,22,751.5
26.4833812713623,-16.0526313781738,22,751.5
35.1555290222168,-14.0789470672607,22,751.5
36.915454864502,-12.1052627563477,22,751.5
36.6933059692383,-10.1315793991089,22,751.5
36.4325790405273,-8.1578950881958,22,751.5
36.2001571655273,-6.18421030044556,22,751.5
35.4548492431641,-4.21052646636963,22,751.5
35.4226684570313,-2.23684215545654,22,751.5
35.031005859375,-0.263157904148102,22,751.5
33.9211006164551,1.71052634716034,22,751.5
32.5772895812988,3.68421053886414,22,751.5
30.8705139160156,5.65789461135864,22,751.5
30.0602264404297,7.63157892227173,22,751.5
30.074146270752,9.60526275634766,22,751.5
30.7139472961426,11.5789470672607,22,751.5
30.8552646636963,13.5526313781738,22,751.5
29.9513702392578,15.5263156890869,22,751.5
29.2234477996826,17.5,22,751.5
29.7274322509766,19.4736843109131,22,751.5
30.9448413848877,21.4473686218262,22,751.5
31.6612510681152,23.4210529327393,22,751.5
31.8208026885986,25.3947372436523,22,751.5
32.3272171020508,27.3684215545654,22,751.5
33.7972755432129,29.3421058654785,22,751.5
34.8880729675293,31.3157901763916,22,751.5
34.1476554870606,33.2894744873047,22,751.5
33.7958106994629,35.2631568908691,22,751.5
30.4710388183594,37.2368431091309,22,751.5
34.1155853271484,39.2105255126953,22,751.5
33.0640373229981,41.184211730957,22,751.5
32.8653182983398,43.1578941345215,22,751.5
34.85986328125,45.1315803527832,22,751.5
37.0401649475098,47.1052627563477,22,751.5
39.2256126403809,49.0789489746094,22,751.5
40.65966796875,51.0526313781738,22,751.5
40.9984359741211,53.0263175964356,22,751.5
39.2772674560547,55,22,751.5
23.0630321502686,-20,24,751.5
21.7065124511719,-18.0263156890869,24,751.5
24.4625778198242,-16.0526313781738,24,751.5
31.6625518798828,-14.0789470672607,24,751.5
34.6317901611328,-12.1052627563477,24,751.5
35.9626045227051,-10.1315793991089,24,751.5
36.6418609619141,-8.1578950881958,24,751.5
36.5404815673828,-6.18421030044556,24,751.5
35.9090919494629,-4.21052646636963,24,751.5
35.5986633300781,-2.23684215545654,24,751.5
35.738151550293,-0.263157904148102,24,751.5
34.9661140441895,1.71052634716034,24,751.5
32.9758605957031,3.68421053886414,24,751.5
30.3493366241455,5.65789461135864,24,751.5
28.6178741455078,7.63157892227173,24,751.5
28.7774314880371,9.60526275634766,24,751.5
29.7526664733887,11.5789470672607,24,751.5
30.1384086608887,13.5526313781738,24,751.5
30.1117134094238,15.5263156890869,24,751.5
29.914098739624,17.5,24,751.5
29.9534778594971,19.4736843109131,24,751.5
30.3795833587647,21.4473686218262,24,751.5
30.6349868774414,23.4210529327393,24,751.5
31.0076770782471,25.3947372436523,24,751.5
31.9310703277588,27.3684215545654,24,751.5
32.9260902404785,29.3421058654785,24,751.5
33.5805397033691,31.3157901763916,24,751.5
33.8780288696289,33.2894744873047,24,751.5
30.1181392669678,35.2631568908691,24,751.5
29.7067050933838,37.2368431091309,24,751.5
34.3346824645996,39.2105255126953,24,751.5
34.0155296325684,41.184211730957,24,751.5
34.4484710693359,43.1578941345215,24,751.5
35.1328735351563,45.1315803527832,24,751.5
36.1020278930664,47.1052627563477,24,751.5
38.7386779785156,49.0789489746094,24,751.5
39.7398529052734,51.0526313781738,24,751.5
39.0596466064453,53.0263175964356,24,751.5
37.3198089599609,55,24,751.5
23.1304340362549,-20,26,751.5
22.3895473480225,-18.0263156890869,26,751.5
21.1467514038086,-16.0526313781738,26,751.5
24.1124954223633,-14.0789470672607,26,751.5
30.3562774658203,-12.1052627563477,26,751.5
34.2963333129883,-10.1315793991089,26,751.5
36.6386032104492,-8.1578950881958,26,751.5
36.768913269043,-6.18421030044556,26,751.5
35.8841171264648,-4.21052646636963,26,751.5
35.6258850097656,-2.23684215545654,26,751.5
36.0313911437988,-0.263157904148102,26,751.5
35.7504234313965,1.71052634716034,26,751.5
34.3275947570801,3.68421053886414,26,751.5
32.0876655578613,5.65789461135864,26,751.5
30.381425857544,7.63157892227173,26,751.5
29.9299831390381,9.60526275634766,26,751.5
30.5478897094727,11.5789470672607,26,751.5
30.7154655456543,13.5526313781738,26,751.5
30.5666847229004,15.5263156890869,26,751.5
30.5081005096436,17.5,26,751.5
30.6454982757568,19.4736843109131,26,751.5
30.888542175293,21.4473686218262,26,751.5
30.9977149963379,23.4210529327393,26,751.5
31.3399620056152,25.3947372436523,26,751.5
31.6667938232422,27.3684215545654,26,751.5
32.107177734375,29.3421058654785,26,751.5
33.0530853271484,31.3157901763916,26,751.5
34.5138549804688,33.2894744873047,26,751.5
30.0730590820313,35.2631568908691,26,751.5
34.2712745666504,37.2368431091309,26,751.5
34.202766418457,39.2105255126953,26,751.5
34.2806816101074,41.184211730957,26,751.5
35.0063972473145,43.1578941345215,26,751.5
35.7877883911133,45.1315803527832,26,751.5
36.9308013916016,47.1052627563477,26,751.5
38.4471168518066,49.0789489746094,26,751.5
37.3881645202637,51.0526313781738,26,751.5
33.8811264038086,53.0263175964356,26,751.5
32.0381851196289,55,26,751.5
22.8433303833008,-20,28,751.5
22.5657482147217,-18.0263156890869,28,751.5
22.0086441040039,-16.0526313781738,28,751.5
21.1578483581543,-14.0789470672607,28,751.5
24.0473747253418,-12.1052627563477,28,751.5
30.5857429504395,-10.1315793991089,28,751.5
34.5438690185547,-8.1578950881958,28,751.5
35.4170379638672,-6.18421030044556,28,751.5
35.0659027099609,-4.21052646636963,28,751.5
35.2771148681641,-2.23684215545654,28,751.5
35.4592666625977,-0.263157904148102,28,751.5
35.1235809326172,1.71052634716034,28,751.5
34.5495681762695,3.68421053886414,28,751.5
34.0501365661621,5.65789461135864,28,751.5
33.0759353637695,7.63157892227173,28,751.5
32.1029052734375,9.60526275634766,28,751.5
31.5406436920166,11.5789470672607,28,751.5
30.9942874908447,13.5526313781738,28,751.5
30.6604309082031,15.5263156890869,28,751.5
30.7798194885254,17.5,28,751.5
31.278247833252,19.4736843109131,28,751.5
31.8095455169678,21.4473686218262,28,751.5
32.1590118408203,23.4210529327393,28,751.5
32.154914855957,25.3947372436523,28,751.5
31.3382511138916,27.3684215545654,28,751.5
30.9110107421875,29.3421058654785,28,751.5
31.2762241363525,31.3157901763916,28,751.5
32.7876091003418,33.2894744873047,28,751.5
33.7719802856445,35.2631568908691,28,751.5
33.7434234619141,37.2368431091309,28,751.5
34.5333061218262,39.2105255126953,28,751.5
35.2813606262207,41.184211730957,28,751.5
35.6371078491211,43.1578941345215,28,751.5
35.8396110534668,45.1315803527832,28,751.5
37.6189727783203,47.1052627563477,28,751.5
36.9573669433594,49.0789489746094,28,751.5
34.1244506835938,51.0526313781738,28,751.5
35.6245841979981,53.0263175964356,28,751.5
33.3636741638184,55,28,751.5
22.8250122070313,-20,30,751.5
22.6387672424316,-18.0263156890869,30,751.5
22.3784275054932,-16.0526313781738,30,751.5
22.204532623291,-14.0789470672607,30,751.5
21.2253952026367,-12.1052627563477,30,751.5
25.5330352783203,-10.1315793991089,30,751.5
30.8523464202881,-8.1578950881958,30,751.5
32.5709609985352,-6.18421030044556,30,751.5
33.1711807250977,-4.21052646636963,30,751.5
33.8489227294922,-2.23684215545654,30,751.5
34.208309173584,-0.263157904148102,30,751.5
33.7315139770508,1.71052634716034,30,751.5
34.1479797363281,3.68421053886414,30,751.5
35.1727256774902,5.65789461135864,30,751.5
34.7993583679199,7.63157892227173,30,751.5
33.2473220825195,9.60526275634766,30,751.5
31.7338237762451,11.5789470672607,30,751.5
30.5539684295654,13.5526313781738,30,751.5
29.7584667205811,15.5263156890869,30,751.5
29.6537399291992,17.5,30,751.5
30.2653541564941,19.4736843109131,30,751.5
31.1077327728272,21.4473686218262,30,751.5
31.3976936340332,23.4210529327393,30,751.5
31.2022819519043,25.3947372436523,30,751.5
30.3054924011231,27.3684215545654,30,751.5
29.3522834777832,29.3421058654785,30,751.5
28.5964183807373,31.3157901763916,30,751.5
29.1481456756592,33.2894744873047,30,751.5
30.3368873596191,35.2631568908691,30,751.5
31.5998630523682,37.2368431091309,30,751.5
33.076416015625,39.2105255126953,30,751.5
34.1914978027344,41.184211730957,30,751.5
35.5995903015137,43.1578941345215,30,751.5
37.3834915161133,45.1315803527832,30,751.5
38.6434669494629,47.1052627563477,30,751.5
33.7770233154297,49.0789489746094,30,751.5
33.3585052490234,51.0526313781738,30,751.5
29.0316162109375,53.0263175964356,30,751.5
26.8945236206055,55,30,751.5
22.7499237060547,-20,32,751.5
22.4944725036621,-18.0263156890869,32,751.5
22.1548538208008,-16.0526313781738,32,751.5
22.4012260437012,-14.0789470672607,32,751.5
22.4099826812744,-12.1052627563477,32,751.5
23.8109455108643,-10.1315793991089,32,751.5
26.8704986572266,-8.1578950881958,32,751.5
29.3896484375,-6.18421030044556,32,751.5
30.8480167388916,-4.21052646636963,32,751.5
31.6676483154297,-2.23684215545654,32,751.5
31.9618949890137,-0.263157904148102,32,751.5
32.2212333679199,1.71052634716034,32,751.5
33.309741973877,3.68421053886414,32,751.5
34.7181282043457,5.65789461135864,32,751.5
35.0875244140625,7.63157892227173,32,751.5
33.9883575439453,9.60526275634766,32,751.5
31.3978061676025,11.5789470672607,32,751.5
29.7145709991455,13.5526313781738,32,751.5
29.2336578369141,15.5263156890869,32,751.5
28.4808177947998,17.5,32,751.5
28.6039409637451,19.4736843109131,32,751.5
28.9626770019531,21.4473686218262,32,751.5
28.7842636108398,23.4210529327393,32,751.5
28.7897663116455,25.3947372436523,32,751.5
27.8675594329834,27.3684215545654,32,751.5
27.4150428771973,29.3421058654785,32,751.5
27.7906951904297,31.3157901763916,32,751.5
27.5259456634522,33.2894744873047,32,751.5
27.7649040222168,35.2631568908691,32,751.5
29.3631076812744,37.2368431091309,32,751.5
31.7392482757568,39.2105255126953,32,751.5
34.4733848571777,41.184211730957,32,751.5
37.1615600585938,43.1578941345215,32,751.5
38.7262954711914,45.1315803527832,32,751.5
38.0111198425293,47.1052627563477,32,751.5
33.4399108886719,49.0789489746094,32,751.5
29.0867309570313,51.0526313781738,32,751.5
26.9962482452393,53.0263175964356,32,751.5
25.8774471282959,55,32,751.5
22.3929061889648,-20,34,751.5
22.1805114746094,-18.0263156890869,34,751.5
21.9845886230469,-16.0526313781738,34,751.5
22.001407623291,-14.0789470672607,34,751.5
22.3616142272949,-12.1052627563477,34,751.5
22.2973785400391,-10.1315793991089,34,751.5
23.8632183074951,-8.1578950881958,34,751.5
27.0146827697754,-6.18421030044556,34,751.5
27.3413619995117,-4.21052646636963,34,751.5
27.4774208068848,-2.23684215545654,34,751.5
29.7599601745605,-0.263157904148102,34,751.5
30.3967342376709,1.71052634716034,34,751.5
31.0842266082764,3.68421053886414,34,751.5
32.0290679931641,5.65789461135864,34,751.5
32.8051605224609,7.63157892227173,34,751.5
32.356258392334,9.60526275634766,34,751.5
30.009111404419,11.5789470672607,34,751.5
28.3596229553223,13.5526313781738,34,751.5
28.6979064941406,15.5263156890869,34,751.5
28.4768657684326,17.5,34,751.5
27.9166603088379,19.4736843109131,34,751.5
26.967903137207,21.4473686218262,34,751.5
26.0915870666504,23.4210529327393,34,751.5
26.1892070770264,25.3947372436523,34,751.5
26.5635871887207,27.3684215545654,34,751.5
27.0269050598145,29.3421058654785,34,751.5
27.9168395996094,31.3157901763916,34,751.5
28.343807220459,33.2894744873047,34,751.5
27.5684757232666,35.2631568908691,34,751.5
29.278205871582,37.2368431091309,34,751.5
32.3541984558106,39.2105255126953,34,751.5
35.8649024963379,41.184211730957,34,751.5
37.5096893310547,43.1578941345215,34,751.5
35.8147964477539,45.1315803527832,34,751.5
31.5890731811523,47.1052627563477,34,751.5
26.9089031219482,49.0789489746094,34,751.5
26.0832958221436,51.0526313781738,34,751.5
26.9087219238281,53.0263175964356,34,751.5
27.469856262207,55,34,751.5
22.0045509338379,-20,36,751.5
21.9885368347168,-18.0263156890869,36,751.5
21.8876495361328,-16.0526313781738,36,751.5
21.4696311950684,-14.0789470672607,36,751.5
21.3376731872559,-12.1052627563477,36,751.5
21.669584274292,-10.1315793991089,36,751.5
23.2990627288818,-8.1578950881958,36,751.5
26.4617538452148,-6.18421030044556,36,751.5
24.7594032287598,-4.21052646636963,36,751.5
24.2168197631836,-2.23684215545654,36,751.5
27.1615257263184,-0.263157904148102,36,751.5
27.798770904541,1.71052634716034,36,751.5
27.8650360107422,3.68421053886414,36,751.5
27.7526836395264,5.65789461135864,36,751.5
28.0288257598877,7.63157892227173,36,751.5
28.5116844177246,9.60526275634766,36,751.5
27.829029083252,11.5789470672607,36,751.5
28.0719947814941,13.5526313781738,36,751.5
27.9824123382568,15.5263156890869,36,751.5
27.6826114654541,17.5,36,751.5
27.2249908447266,19.4736843109131,36,751.5
26.9754238128662,21.4473686218262,36,751.5
26.1694431304932,23.4210529327393,36,751.5
25.1065216064453,25.3947372436523,36,751.5
26.2136344909668,27.3684215545654,36,751.5
27.0786952972412,29.3421058654785,36,751.5
26.9685668945313,31.3157901763916,36,751.5
27.2027206420898,33.2894744873047,36,751.5
27.4654064178467,35.2631568908691,36,751.5
29.6962242126465,37.2368431091309,36,751.5
32.751880645752,39.2105255126953,36,751.5
34.8400268554688,41.184211730957,36,751.5
33.9880523681641,43.1578941345215,36,751.5
30.2017688751221,45.1315803527832,36,751.5
25.7082748413086,47.1052627563477,36,751.5
23.1976089477539,49.0789489746094,36,751.5
23.9469184875488,51.0526313781738,36,751.5
26.9332294464111,53.0263175964356,36,751.5
28.3560752868652,55,36,751.5
21.7171382904053,-20,38,751.5
21.6143531799316,-18.0263156890869,38,751.5
21.3989181518555,-16.0526313781738,38,751.5
20.9944171905518,-14.0789470672607,38,751.5
20.7124576568604,-12.1052627563477,38,751.5
20.2297592163086,-10.1315793991089,38,751.5
23.3054695129395,-8.1578950881958,38,751.5
26.2019309997559,-6.18421030044556,38,751.5
27.1701812744141,-4.21052646636963,38,751.5
27.5413970947266,-2.23684215545654,38,751.5
26.166259765625,-0.263157904148102,38,751.5
27.0427055358887,1.71052634716034,38,751.5
27.1925983428955,3.68421053886414,38,751.5
26.4264392852783,5.65789461135864,38,751.5
26.1886672973633,7.63157892227173,38,751.5
26.6013298034668,9.60526275634766,38,751.5
27.2947177886963,11.5789470672607,38,751.5
27.6325340270996,13.5526313781738,38,751.5
27.6747951507568,15.5263156890869,38,751.5
27.2514476776123,17.5,38,751.5
26.8531112670898,19.4736843109131,38,751.5
27.1160354614258,21.4473686218262,38,751.5
25.6968536376953,23.4210529327393,38,751.5
23.4975433349609,25.3947372436523,38,751.5
25.9360198974609,27.3684215545654,38,751.5
27.0998554229736,29.3421058654785,38,751.5
25.4881210327148,31.3157901763916,38,751.5
25.2375640869141,33.2894744873047,38,751.5
26.1864032745361,35.2631568908691,38,751.5
27.8720264434815,37.2368431091309,38,751.5
29.1774349212647,39.2105255126953,38,751.5
28.6436901092529,41.184211730957,38,751.5
26.7452640533447,43.1578941345215,38,751.5
24.49853515625,45.1315803527832,38,751.5
23.0862693786621,47.1052627563477,38,751.5
23.4758281707764,49.0789489746094,38,751.5
25.5286026000977,51.0526313781738,38,751.5
27.7429351806641,53.0263175964356,38,751.5
29.092456817627,55,38,751.5
21.6583404541016,-20,40,751.5
21.1341686248779,-18.0263156890869,40,751.5
20.678825378418,-16.0526313781738,40,751.5
20.5073070526123,-14.0789470672607,40,751.5
20.3439636230469,-12.1052627563477,40,751.5
19.175724029541,-10.1315793991089,40,751.5
21.9329032897949,-8.1578950881958,40,751.5
24.3712177276611,-6.18421030044556,40,751.5
24.6366214752197,-4.21052646636963,40,751.5
24.6196899414063,-2.23684215545654,40,751.5
25.0267601013184,-0.263157904148102,40,751.5
27.1924419403076,1.71052634716034,40,751.5
28.1035022735596,3.68421053886414,40,751.5
27.8613815307617,5.65789461135864,40,751.5
27.3870220184326,7.63157892227173,40,751.5
27.2967395782471,9.60526275634766,40,751.5
27.4132671356201,11.5789470672607,40,751.5
27.3671417236328,13.5526313781738,40,751.5
26.8689250946045,15.5263156890869,40,751.5
25.4440116882324,17.5,40,751.5
24.7523231506348,19.4736843109131,40,751.5
24.7907676696777,21.4473686218262,40,751.5
23.9828109741211,23.4210529327393,40,751.5
23.8882160186768,25.3947372436523,40,751.5
25.6611633300781,27.3684215545654,40,751.5
25.6715183258057,29.3421058654785,40,751.5
23.7153244018555,31.3157901763916,40,751.5
23.2037258148193,33.2894744873047,40,751.5
24.1535873413086,35.2631568908691,40,751.5
25.5437526702881,37.2368431091309,40,751.5
25.1183624267578,39.2105255126953,40,751.5
22.0766735076904,41.184211730957,40,751.5
19.658088684082,43.1578941345215,40,751.5
20.0787181854248,45.1315803527832,40,751.5
22.2191982269287,47.1052627563477,40,751.5
25.1597995758057,49.0789489746094,40,751.5
27.0832557678223,51.0526313781738,40,751.5
28.057544708252,53.0263175964356,40,751.5
30.1068725585938,55,40,751.5
